unit_id,line_id,furnace_temp_c,roller_pressure_bar,line_speed_mpm,lubricant_flow_lph,vibration_rms_mms,ambient_humidity_pct,cooling_rate_cps,tension_variation_kn,defect_class
UNIT-11651,LINE-A,853.83,157.86,49.54,32.75,1.46,37.17,18.98,0.38,normal
UNIT-12457,LINE-B,848.99,159.92,36.27,21.8,1.99,85.55,15.76,0.36,rust
UNIT-12233,LINE-A,826.54,150.91,30.13,13.53,1.66,67.75,17.28,0.58,rust
UNIT-11946,LINE-C,835.75,148.65,53.45,27.37,1.23,41.1,15.38,0.73,normal
UNIT-10310,LINE-C,895.48,183.15,47.71,30.33,1.56,45.23,24.32,2.47,crack
UNIT-12342,LINE-A,832.66,150.29,29.18,16.01,1.28,73.39,15.08,0.49,rust
UNIT-11667,LINE-B,835.95,153.11,53.11,30.95,0.87,46.78,17.12,0.55,normal
UNIT-11682,LINE-A,847.93,153.01,53.47,30.63,1.69,45.71,18.04,0.67,normal
UNIT-11188,LINE-A,896.62,178.69,53.53,30.28,1.27,36.46,17.91,1.76,hole
UNIT-10326,LINE-C,908.42,166.09,48.15,34.38,1.89,44.97,31.89,1.48,crack
UNIT-11648,LINE-A,836.32,152.3,47.76,34.39,1.87,46.27,18.19,0.39,normal
UNIT-12821,LINE-B,842.43,144.7,66.96,17.78,3.39,44.32,18.14,0.39,scratch
UNIT-13176,LINE-A,833.33,153.58,59.41,11.9,6.56,41.38,15.03,0.61,scratch
UNIT-10788,LINE-B,882.3,199.66,50.11,31.66,1.1,39.99,18.68,2.81,hole
UNIT-10558,LINE-B,936.1,178.86,50.64,31.31,1.38,45.35,25.6,1.83,crack
UNIT-10756,LINE-B,876.42,197.72,47.11,32.3,1.91,43.49,18.76,1.91,hole
UNIT-10943,LINE-C,875.28,181.42,53.64,29.43,2.01,39.45,18.38,2.72,hole
UNIT-11460,LINE-A,824.26,142.65,53.4,32.03,1.75,46.15,17.08,0.49,normal
UNIT-13335,LINE-A,842.12,148.43,64.34,17.4,6.77,41.62,17.63,0.47,scratch
UNIT-12561,LINE-A,845.81,145.31,31.38,15.63,1.35,74.52,14.21,0.68,rust
UNIT-10185,LINE-B,889.72,164.55,51.57,29.46,1.39,39.66,29.99,1.78,crack
UNIT-11972,LINE-B,839.19,147.8,50.62,32.34,1.43,44.52,15.94,0.47,normal
UNIT-10315,LINE-A,922.45,178.29,48.57,34.19,2.17,41.58,26.81,1.66,crack
UNIT-11502,LINE-A,845.86,147.45,50.22,33.82,1.39,50.68,14.92,0.79,normal
UNIT-11095,LINE-B,877.46,193.65,49.06,29.99,2.14,39.22,15.91,2.17,hole
UNIT-11337,LINE-B,889.86,173.86,49.87,28.4,1.1,42.18,15.93,2.76,hole
UNIT-10694,LINE-A,874.6,168.73,52.09,29.86,1.37,47.17,22.88,1.42,crack
UNIT-10347,LINE-B,911.89,178.41,54.24,30.64,1.64,33.52,34.37,1.72,crack
UNIT-11615,LINE-B,851.59,152.58,53.94,34.92,1.95,36.46,16.64,0.4,normal
UNIT-13490,LINE-B,840.43,148.8,67.12,15.96,5.34,49.62,19.01,0.49,scratch
UNIT-13188,LINE-A,831.26,152.49,62.39,20.95,5.79,39.89,18.11,0.45,scratch
UNIT-11922,LINE-C,834.02,141.9,50.85,33.79,1.84,42.95,15.78,0.61,normal
UNIT-12351,LINE-A,849.49,139.84,40.31,10.13,2.05,79.73,18.23,0.43,rust
UNIT-10890,LINE-B,902.06,181.22,49.23,29.31,1.88,44.02,17.91,1.67,hole
UNIT-13298,LINE-A,844.31,145.14,68.19,18.81,3.58,43.74,20.51,0.42,scratch
UNIT-13078,LINE-A,849.06,139.83,74.72,12.34,3.76,44.08,16.36,0.41,scratch
UNIT-10171,LINE-A,887.78,165.67,48.43,32.03,1.89,39.87,27.31,2.28,crack
UNIT-10180,LINE-C,909.08,182.38,46.85,30.77,1.49,42.73,28.39,1.95,crack
UNIT-10613,LINE-A,875.88,178.66,52.57,30.51,1.26,40.92,30.28,1.84,crack
UNIT-12241,LINE-B,834.98,152.96,35.38,13.92,1.85,83.17,15.37,0.4,rust
UNIT-11552,LINE-A,851.22,152.14,50.33,32.43,1.48,51.98,15.78,0.53,normal
UNIT-13064,LINE-A,842.65,146.45,71.05,18.23,4.54,39.28,16.62,0.59,scratch
UNIT-10840,LINE-A,887.83,177.94,50.37,33.63,1.58,50.88,19.66,2.68,hole
UNIT-12091,LINE-A,840.95,152.64,51.09,32.26,1.66,54.14,15.92,0.49,normal
UNIT-12072,LINE-A,842.42,147.35,48.65,31.22,2.02,43.99,15.55,0.36,normal
UNIT-10027,LINE-B,892.02,183.57,48.25,31.98,0.97,51.08,25.97,1.96,crack
UNIT-11923,LINE-B,839.94,154.11,48.4,32.61,1.76,38.16,15.45,0.16,normal
UNIT-11860,LINE-B,829.95,143.48,47.75,34.21,1.77,41.82,16.98,0.71,normal
UNIT-10681,LINE-A,885.67,177.57,49.57,30.13,1.67,40.77,28.28,1.51,crack
UNIT-10033,LINE-C,932.19,177.5,43.87,30.2,1.57,43.78,35.36,2.07,crack
UNIT-10071,LINE-A,892.14,166.37,48.76,31.66,1.49,39.31,34.35,1.53,crack
UNIT-10323,LINE-A,897.2,163.48,52.96,35.35,1.3,49.62,32.28,1.31,crack
UNIT-12788,LINE-C,843.4,146.75,30.75,13.05,2.02,67.78,17.27,0.51,rust
UNIT-13258,LINE-A,832.99,158.63,69.86,12.66,3.8,34.77,18.1,0.41,scratch
UNIT-11072,LINE-C,902.78,197.95,49.73,34.31,1.49,45.55,17.67,2.71,hole
UNIT-10052,LINE-C,866.68,191.12,51.64,31.89,1.68,39.5,37.39,1.8,crack
UNIT-11421,LINE-A,837.02,153.45,50.44,28.99,1.38,40.63,16.3,0.52,normal
UNIT-10431,LINE-B,896.35,182.88,49.16,32.28,1.76,45.7,33.51,2.49,crack
UNIT-12485,LINE-C,851.3,137.18,31.06,14.77,1.34,80.98,16.67,0.6,rust
UNIT-11718,LINE-B,830.82,151.84,51.93,31.15,1.22,43.83,18.84,0.67,normal
UNIT-13110,LINE-C,839.28,157.79,60.98,15.43,4.59,36.81,16.92,0.42,scratch
UNIT-11081,LINE-B,903.11,189.41,50.14,30.81,1.5,35.89,16.5,1.97,hole
UNIT-10555,LINE-B,930.12,177.57,44.42,35.76,1.62,37.51,27.13,0.94,crack
UNIT-10145,LINE-B,899.2,171.74,51.65,31.23,1.7,41.42,23.76,1.48,crack
UNIT-11823,LINE-B,837.7,155.06,51.07,28.72,2.15,40.17,19.88,0.48,normal
UNIT-13124,LINE-A,842.59,143.75,62.0,14.58,5.61,42.56,15.91,0.81,scratch
UNIT-10197,LINE-B,903.27,180.26,47.21,29.98,1.71,47.24,29.74,2.3,crack
UNIT-11678,LINE-B,831.32,153.87,51.28,33.55,1.43,51.95,17.18,0.32,normal
UNIT-10791,LINE-A,874.5,187.01,50.84,32.72,1.51,43.18,16.96,2.54,hole
UNIT-12776,LINE-A,829.16,154.03,26.15,16.4,1.61,66.55,20.31,0.39,rust
UNIT-12789,LINE-C,858.48,148.14,39.55,11.15,2.18,70.67,15.07,0.71,rust
UNIT-10747,LINE-B,884.75,187.57,49.28,33.35,1.85,42.97,15.58,2.35,hole
UNIT-10415,LINE-B,892.63,180.12,49.08,31.45,1.54,44.75,28.61,1.52,crack
UNIT-11433,LINE-B,855.39,149.65,49.88,30.99,1.69,42.7,16.3,0.21,normal
UNIT-10906,LINE-A,893.39,189.34,49.82,32.14,2.36,51.12,15.96,3.12,hole
UNIT-12203,LINE-A,834.14,153.9,37.59,8.61,1.65,75.47,18.8,0.6,rust
UNIT-13247,LINE-A,841.48,145.92,60.66,17.75,5.13,45.91,19.04,0.31,scratch
UNIT-12527,LINE-C,843.82,153.55,40.5,10.44,1.98,66.86,15.31,0.57,rust
UNIT-13499,LINE-A,841.01,148.94,65.24,19.92,6.01,47.09,20.74,0.85,scratch
UNIT-11809,LINE-B,835.47,148.21,51.6,31.78,2.29,44.05,15.57,0.55,normal
UNIT-13076,LINE-B,853.95,156.88,64.25,16.83,5.43,41.94,19.29,0.55,scratch
UNIT-13035,LINE-A,825.95,142.11,59.29,13.34,3.52,50.08,18.31,0.4,scratch
UNIT-13278,LINE-A,838.93,157.52,67.01,10.97,5.18,50.83,16.89,0.56,scratch
UNIT-13326,LINE-C,837.12,155.08,61.68,16.95,3.37,46.75,16.38,0.53,scratch
UNIT-12996,LINE-B,842.82,141.85,66.08,18.1,6.52,42.73,16.58,0.43,scratch
UNIT-12721,LINE-B,841.71,151.1,35.17,22.9,0.68,73.74,16.27,0.64,rust
UNIT-11053,LINE-A,893.08,194.05,45.2,28.82,1.63,41.86,15.8,1.84,hole
UNIT-12845,LINE-B,832.4,155.52,67.86,20.0,6.1,41.19,13.96,0.47,scratch
UNIT-10271,LINE-B,896.8,170.18,52.68,32.65,1.51,35.54,24.82,1.49,crack
UNIT-10140,LINE-B,905.67,173.41,50.42,34.64,1.3,48.56,30.55,2.08,crack
UNIT-12009,LINE-A,834.73,158.18,51.52,30.52,1.57,44.34,16.84,0.46,normal
UNIT-13479,LINE-B,854.02,151.5,72.01,13.46,6.33,43.11,16.83,0.18,scratch
UNIT-10677,LINE-B,898.69,171.38,54.53,32.8,1.42,46.27,33.74,1.8,crack
UNIT-12754,LINE-C,841.94,140.2,30.87,17.16,0.8,85.4,14.93,0.45,rust
UNIT-13314,LINE-B,843.81,159.22,65.93,12.81,5.59,47.68,14.55,0.53,scratch
UNIT-12623,LINE-A,844.75,156.29,31.89,12.06,1.68,75.63,15.58,0.23,rust
UNIT-10292,LINE-B,895.04,165.28,52.44,27.79,1.95,49.55,24.79,0.92,crack
UNIT-11243,LINE-A,880.08,196.87,46.41,34.66,1.51,41.23,15.28,2.36,hole
UNIT-11755,LINE-A,839.41,148.94,48.3,31.78,1.44,48.26,16.96,0.4,normal
UNIT-10600,LINE-C,889.55,168.19,48.37,30.78,1.44,49.41,25.22,1.32,crack
UNIT-10230,LINE-B,900.12,174.81,51.04,32.93,1.61,46.23,26.93,2.16,crack
UNIT-12440,LINE-A,841.18,148.26,32.65,14.03,1.7,89.62,17.0,0.29,rust
UNIT-11408,LINE-B,824.02,150.49,50.44,34.52,1.72,43.4,15.58,0.72,normal
UNIT-11152,LINE-B,877.03,190.04,51.33,33.42,1.28,51.67,17.41,1.92,hole
UNIT-10411,LINE-C,891.99,182.34,47.47,28.63,1.6,41.37,32.35,1.14,crack
UNIT-10204,LINE-C,897.45,174.37,49.94,31.65,1.67,42.52,29.15,1.23,crack
UNIT-13168,LINE-A,838.22,154.53,59.36,16.64,3.61,41.11,17.72,0.41,scratch
UNIT-13070,LINE-A,832.31,146.41,65.31,23.57,4.69,41.14,17.25,0.5,scratch
UNIT-10603,LINE-A,930.05,169.89,48.4,34.12,1.39,45.66,26.09,2.17,crack
UNIT-10135,LINE-B,933.47,165.0,48.22,32.15,2.02,44.23,26.04,1.29,crack
UNIT-10053,LINE-B,928.01,169.48,50.63,29.72,1.2,51.55,29.78,2.3,crack
UNIT-10507,LINE-A,915.78,178.65,52.07,33.94,1.52,52.21,32.25,1.55,crack
UNIT-11211,LINE-B,859.92,197.56,48.6,32.95,1.56,41.84,17.65,2.53,hole
UNIT-10926,LINE-B,875.85,200.67,51.72,29.18,2.05,43.16,18.55,2.02,hole
UNIT-12092,LINE-B,831.94,145.25,48.3,29.75,1.19,39.84,17.49,0.51,normal
UNIT-10545,LINE-A,928.04,178.97,51.35,34.45,1.74,40.88,24.54,2.06,crack
UNIT-13154,LINE-B,834.57,149.7,62.07,21.71,6.0,37.21,18.04,0.28,scratch
UNIT-10579,LINE-B,877.02,158.93,50.06,30.65,1.24,44.06,27.86,2.12,crack
UNIT-12670,LINE-A,845.9,153.87,38.94,15.59,1.37,74.46,19.23,0.57,rust
UNIT-11633,LINE-B,837.07,151.48,51.4,35.01,1.11,45.05,17.28,0.49,normal
UNIT-10839,LINE-C,869.51,199.9,51.18,31.49,1.41,44.93,19.07,3.04,hole
UNIT-12742,LINE-A,850.91,152.54,36.76,15.05,1.78,89.91,18.61,0.65,rust
UNIT-13330,LINE-A,842.33,147.63,63.2,15.02,6.86,46.85,15.57,0.47,scratch
UNIT-11189,LINE-C,887.31,191.36,55.38,31.05,2.22,47.41,17.55,2.38,hole
UNIT-10606,LINE-A,907.29,170.51,48.52,35.11,1.27,37.04,31.63,1.35,crack
UNIT-10870,LINE-C,905.39,185.93,48.66,32.19,1.12,46.45,18.3,1.85,hole
UNIT-12024,LINE-C,828.6,142.77,47.98,34.03,1.5,41.88,16.18,0.48,normal
UNIT-11707,LINE-A,832.9,153.21,45.75,31.42,2.06,42.9,17.14,0.74,normal
UNIT-10692,LINE-B,893.94,170.28,50.53,31.98,1.55,49.35,29.18,1.53,crack
UNIT-10077,LINE-B,922.09,182.35,49.09,32.35,1.06,47.86,34.01,2.02,crack
UNIT-11952,LINE-C,839.35,143.51,50.4,30.83,1.2,45.48,16.08,0.53,normal
UNIT-10212,LINE-B,888.62,163.72,48.96,31.41,1.89,47.67,23.32,2.18,crack
UNIT-10018,LINE-C,902.9,195.83,51.43,34.27,1.89,46.61,25.47,1.26,crack
UNIT-13011,LINE-C,838.29,143.53,60.39,19.8,4.87,41.32,19.55,0.53,scratch
UNIT-12094,LINE-A,837.11,153.37,50.44,32.04,2.17,36.65,15.44,0.34,normal
UNIT-12410,LINE-A,834.11,144.13,32.44,15.08,1.9,69.73,17.76,0.05,rust
UNIT-13316,LINE-A,851.59,145.8,69.49,14.81,4.71,47.03,17.53,0.36,scratch
UNIT-13169,LINE-B,838.66,149.73,71.57,10.69,5.66,40.93,19.02,0.4,scratch
UNIT-10595,LINE-A,921.83,190.56,52.94,30.46,1.99,49.59,28.37,2.09,crack
UNIT-10403,LINE-B,884.29,155.2,49.75,32.75,1.34,40.76,34.47,1.56,crack
UNIT-11235,LINE-A,878.93,178.6,48.22,32.56,1.3,44.64,16.17,2.5,hole
UNIT-13051,LINE-A,848.2,150.08,69.69,20.21,5.84,45.88,15.52,0.48,scratch
UNIT-12100,LINE-A,848.52,149.39,45.95,34.04,1.07,37.82,16.73,0.54,normal
UNIT-11584,LINE-A,827.98,149.0,46.88,32.41,1.4,45.16,18.62,0.74,normal
UNIT-12535,LINE-A,841.91,152.73,36.62,11.92,1.42,84.79,17.16,0.67,rust
UNIT-12723,LINE-B,838.88,152.19,38.42,16.85,1.87,67.96,16.68,0.39,rust
UNIT-12357,LINE-A,838.37,149.53,42.45,14.34,1.41,76.77,12.57,0.35,rust
UNIT-10970,LINE-A,877.47,180.51,51.49,31.93,2.03,42.68,16.97,2.0,hole
UNIT-11500,LINE-C,838.81,137.17,48.9,35.58,1.6,42.77,17.03,0.55,normal
UNIT-10359,LINE-A,891.3,169.35,47.48,30.83,1.2,35.51,32.25,1.84,crack
UNIT-10193,LINE-B,909.99,184.19,46.03,33.59,1.89,47.21,28.74,1.95,crack
UNIT-12393,LINE-B,836.22,146.88,36.1,15.23,1.43,79.99,16.28,0.42,rust
UNIT-12112,LINE-A,837.7,155.87,33.35,16.49,2.02,67.96,19.0,0.45,rust
UNIT-10927,LINE-B,875.95,192.52,49.95,33.28,2.23,42.17,16.59,2.5,hole
UNIT-12824,LINE-C,834.01,144.89,64.35,10.44,5.58,49.66,16.75,0.35,scratch
UNIT-11164,LINE-A,870.57,181.27,50.19,34.32,1.21,41.15,17.66,1.47,hole
UNIT-10184,LINE-C,916.74,176.4,48.4,32.98,2.14,43.24,27.71,1.83,crack
UNIT-11862,LINE-A,837.43,155.33,48.09,32.91,1.69,50.34,16.94,0.24,normal
UNIT-10031,LINE-A,883.0,189.61,46.37,33.57,1.55,38.58,36.29,1.67,crack
UNIT-11872,LINE-A,833.91,151.26,47.15,28.22,1.67,44.08,16.14,0.31,normal
UNIT-12663,LINE-B,839.65,148.67,32.94,13.04,1.74,83.12,14.46,0.49,rust
UNIT-12993,LINE-B,834.55,154.36,65.55,16.05,3.86,34.63,18.42,0.48,scratch
UNIT-10316,LINE-C,882.93,169.64,47.97,33.65,1.67,44.07,27.57,2.28,crack
UNIT-12657,LINE-A,845.56,145.42,32.94,11.61,1.18,84.54,18.14,0.29,rust
UNIT-11056,LINE-B,879.28,202.85,49.87,30.91,1.44,47.71,18.16,2.53,hole
UNIT-10843,LINE-A,899.73,192.78,48.06,34.24,1.65,40.6,16.78,2.02,hole
UNIT-11447,LINE-B,831.38,153.53,56.07,34.73,1.65,42.87,17.49,0.35,normal
UNIT-12462,LINE-B,842.37,144.78,35.51,17.99,1.45,83.89,20.15,0.36,rust
UNIT-12500,LINE-B,851.16,144.07,36.79,18.13,1.46,75.16,20.85,0.46,rust
UNIT-11507,LINE-B,840.92,158.92,50.78,30.41,1.7,53.73,17.06,0.62,normal
UNIT-11722,LINE-B,839.27,154.4,50.08,32.33,1.48,42.29,16.87,0.51,normal
UNIT-10680,LINE-A,892.02,168.81,48.8,28.25,1.25,36.08,33.24,1.74,crack
UNIT-10464,LINE-C,900.68,181.13,52.8,32.03,1.55,43.56,35.11,1.94,crack
UNIT-11048,LINE-C,889.96,177.22,51.03,31.94,1.34,50.78,17.09,2.72,hole
UNIT-11801,LINE-A,851.31,158.22,48.58,30.74,1.61,41.83,18.82,0.52,normal
UNIT-13151,LINE-C,852.38,150.73,60.58,24.47,4.25,41.97,16.61,0.45,scratch
UNIT-10950,LINE-B,890.44,212.04,47.64,33.31,1.62,36.92,17.69,2.73,hole
UNIT-12601,LINE-A,843.47,149.56,33.98,17.33,1.36,73.01,18.48,0.17,rust
UNIT-10841,LINE-A,866.66,205.78,52.78,33.5,1.25,42.75,17.97,2.07,hole
UNIT-13318,LINE-C,846.51,143.22,63.22,18.29,6.47,45.98,15.76,0.45,scratch
UNIT-13422,LINE-A,829.01,150.23,63.9,16.83,5.72,48.08,17.69,0.68,scratch
UNIT-11045,LINE-B,911.09,188.09,48.04,32.65,1.39,42.42,17.72,2.24,hole
UNIT-10034,LINE-C,907.31,170.39,47.33,31.72,1.64,46.06,29.65,1.74,crack
UNIT-10167,LINE-A,920.82,183.98,45.9,28.73,1.54,41.81,25.88,1.71,crack
UNIT-11475,LINE-A,851.02,145.99,49.02,31.88,1.66,41.78,17.09,0.58,normal
UNIT-10818,LINE-B,905.15,191.2,47.22,34.69,1.94,39.43,16.41,1.5,hole
UNIT-11092,LINE-A,897.68,187.31,47.19,28.92,1.68,44.6,18.85,2.06,hole
UNIT-11553,LINE-C,835.52,150.27,49.95,33.67,1.76,42.59,16.85,0.64,normal
UNIT-11601,LINE-A,856.92,149.75,55.25,31.93,1.65,46.38,16.56,0.53,normal
UNIT-12893,LINE-A,852.91,152.75,57.5,16.11,5.41,45.08,17.42,0.44,scratch
UNIT-12335,LINE-C,843.9,146.16,30.99,15.71,1.47,84.62,15.57,0.49,rust
UNIT-12612,LINE-B,842.48,152.18,33.38,8.92,1.12,65.97,16.23,0.45,rust
UNIT-13282,LINE-A,844.93,152.89,52.79,12.43,6.27,40.75,15.22,0.58,scratch
UNIT-11175,LINE-A,888.78,199.83,50.94,31.61,0.84,42.02,15.22,2.7,hole
UNIT-12149,LINE-C,841.21,150.77,37.79,12.61,1.45,76.07,18.32,0.55,rust
UNIT-13460,LINE-C,826.67,152.97,63.97,8.34,6.5,45.4,19.43,0.35,scratch
UNIT-12479,LINE-B,839.68,151.46,33.98,16.98,1.71,78.75,14.8,0.34,rust
UNIT-11622,LINE-C,813.31,156.42,47.43,30.98,1.55,45.63,17.96,0.63,normal
UNIT-11290,LINE-A,858.25,192.84,51.92,32.2,1.23,39.23,19.39,2.79,hole
UNIT-11205,LINE-C,887.99,191.64,46.69,29.31,1.74,46.68,15.68,2.41,hole
UNIT-11012,LINE-B,889.72,177.9,51.04,32.5,1.75,47.91,19.08,2.66,hole
UNIT-10195,LINE-C,925.19,170.19,51.58,32.18,0.88,43.7,29.52,2.03,crack
UNIT-11657,LINE-C,832.46,142.72,48.87,30.96,1.64,52.58,16.24,0.29,normal
UNIT-11396,LINE-B,892.55,189.57,51.71,33.32,1.64,47.24,16.08,2.23,hole
UNIT-10290,LINE-A,883.45,159.97,49.68,30.88,0.72,52.21,31.69,1.13,crack
UNIT-12805,LINE-B,850.35,143.24,65.09,17.38,6.19,37.02,18.76,0.35,scratch
UNIT-12969,LINE-A,858.05,155.39,62.73,10.57,5.66,45.81,17.65,0.41,scratch
UNIT-13441,LINE-B,841.95,147.29,58.04,14.13,3.97,47.6,15.41,0.51,scratch
UNIT-13108,LINE-B,838.07,139.12,61.48,18.33,5.4,51.12,13.91,0.56,scratch
UNIT-12464,LINE-A,843.45,147.86,31.54,20.26,1.63,83.35,16.33,0.56,rust
UNIT-12395,LINE-B,837.8,142.0,28.67,10.88,1.48,68.17,15.04,0.45,rust
UNIT-10433,LINE-B,904.32,178.79,46.94,32.84,1.59,36.98,26.62,1.38,crack
UNIT-13170,LINE-A,844.12,152.94,61.39,26.8,5.32,45.35,15.03,0.35,scratch
UNIT-13222,LINE-C,816.12,146.9,55.84,13.4,4.3,47.44,18.21,0.62,scratch
UNIT-13463,LINE-A,843.36,153.16,66.66,15.13,6.17,46.49,15.37,0.54,scratch
UNIT-13436,LINE-A,840.9,155.63,64.17,13.09,5.09,44.27,16.56,0.38,scratch
UNIT-11335,LINE-B,895.35,192.18,48.47,31.67,2.08,41.34,17.86,1.86,hole
UNIT-12771,LINE-A,839.66,146.93,29.47,11.33,1.59,64.84,17.77,0.68,rust
UNIT-12856,LINE-A,839.42,152.48,59.21,17.54,5.0,42.0,19.96,0.39,scratch
UNIT-12513,LINE-B,836.34,158.77,36.17,14.7,1.83,75.75,16.74,0.38,rust
UNIT-11323,LINE-B,888.12,204.8,51.05,31.59,2.03,45.02,16.06,1.59,hole
UNIT-10882,LINE-A,890.39,188.39,52.64,33.89,1.25,49.0,17.44,2.47,hole
UNIT-10280,LINE-B,894.57,183.21,52.28,28.91,2.08,46.3,29.0,1.57,crack
UNIT-11000,LINE-A,877.15,205.21,49.77,35.22,1.51,42.99,15.65,1.71,hole
UNIT-12861,LINE-A,843.35,157.95,68.2,13.07,4.63,50.91,16.94,0.43,scratch
UNIT-11966,LINE-A,834.14,153.3,54.12,33.51,1.99,47.9,18.25,0.45,normal
UNIT-13378,LINE-B,832.85,147.5,73.16,19.5,4.98,45.4,18.03,0.4,scratch
UNIT-11115,LINE-A,903.15,199.97,54.86,30.38,2.04,49.26,16.26,2.8,hole
UNIT-11781,LINE-A,850.93,140.22,47.48,32.31,1.48,44.86,16.88,0.25,normal
UNIT-11806,LINE-B,813.32,146.77,46.47,32.8,1.51,44.06,13.88,0.45,normal
UNIT-12448,LINE-A,850.7,154.35,38.32,18.45,1.45,69.9,16.49,0.65,rust
UNIT-11588,LINE-A,835.07,148.04,47.42,30.22,1.73,44.53,17.74,0.53,normal
UNIT-10908,LINE-B,895.07,181.41,49.03,31.99,1.49,39.9,15.39,2.53,hole
UNIT-13350,LINE-B,842.75,150.86,71.39,14.7,4.27,48.35,16.86,0.6,scratch
UNIT-10965,LINE-C,916.78,181.1,49.74,29.45,1.58,45.19,15.22,2.59,hole
UNIT-11766,LINE-A,846.84,152.24,48.51,32.08,1.28,43.99,21.4,0.78,normal
UNIT-11412,LINE-B,819.46,142.9,51.04,27.91,1.44,43.78,15.76,0.4,normal
UNIT-11814,LINE-A,825.72,148.86,52.53,33.49,1.4,37.65,17.76,0.7,normal
UNIT-10081,LINE-B,900.85,180.7,50.94,30.49,1.19,42.74,26.58,1.47,crack
UNIT-10743,LINE-C,877.3,174.3,53.77,28.87,1.71,44.95,17.07,1.74,hole
UNIT-10568,LINE-A,907.48,181.25,50.74,35.33,0.96,45.65,35.34,1.33,crack
UNIT-10094,LINE-B,928.65,170.63,54.08,29.71,1.69,40.98,32.73,2.04,crack
UNIT-10979,LINE-B,888.18,203.21,51.88,33.57,1.98,46.1,18.18,2.72,hole
UNIT-12755,LINE-B,839.13,143.56,30.9,12.28,2.02,88.32,15.29,0.34,rust
UNIT-11757,LINE-C,835.99,146.21,45.69,34.35,1.75,47.08,17.38,0.38,normal
UNIT-11721,LINE-B,839.14,152.16,53.51,34.5,1.65,40.23,15.85,0.22,normal
UNIT-12017,LINE-A,844.44,143.41,49.1,34.1,1.64,37.2,15.18,0.78,normal
UNIT-10806,LINE-A,893.36,193.84,55.7,30.53,1.32,40.21,18.83,1.73,hole
UNIT-13048,LINE-A,843.78,148.85,59.47,21.79,4.44,46.1,15.85,0.41,scratch
UNIT-11594,LINE-B,846.38,142.3,53.07,30.73,1.23,46.78,17.55,0.35,normal
UNIT-11296,LINE-A,861.33,187.49,50.57,29.41,1.53,44.88,18.05,3.0,hole
UNIT-13197,LINE-A,834.22,145.19,70.56,15.84,6.12,50.25,16.92,0.47,scratch
UNIT-11753,LINE-B,839.7,158.42,50.49,29.93,2.59,38.21,14.03,0.19,normal
UNIT-10299,LINE-B,906.12,170.71,49.9,32.1,1.88,44.74,34.38,1.85,crack
UNIT-10658,LINE-C,891.34,173.6,55.01,31.38,1.71,46.17,26.2,1.5,crack
UNIT-11599,LINE-C,835.78,155.57,50.35,32.39,1.55,41.11,18.69,0.4,normal
UNIT-12974,LINE-A,844.18,146.81,73.92,20.91,4.43,45.17,17.11,0.21,scratch
UNIT-11374,LINE-C,872.44,189.37,47.39,30.01,1.75,49.38,17.24,2.51,hole
UNIT-10799,LINE-B,889.22,187.76,46.07,32.52,1.66,48.61,17.78,2.61,hole
UNIT-11836,LINE-A,842.38,148.93,50.77,30.21,1.75,38.73,15.76,0.46,normal
UNIT-11062,LINE-B,879.85,197.1,52.24,32.29,1.81,43.97,17.27,2.26,hole
UNIT-10258,LINE-A,908.63,181.79,48.17,35.64,1.83,46.21,33.8,1.52,crack
UNIT-10300,LINE-A,877.42,165.25,47.96,29.87,2.24,49.33,28.76,1.54,crack
UNIT-12712,LINE-A,857.86,152.51,31.29,17.5,2.08,88.41,16.1,0.56,rust
UNIT-13224,LINE-A,836.71,145.41,70.63,20.62,5.43,40.18,16.21,0.41,scratch
UNIT-12260,LINE-C,843.35,157.53,33.55,16.9,1.79,70.33,18.14,0.32,rust
UNIT-10795,LINE-A,860.23,181.98,49.6,34.23,1.58,47.37,15.96,2.33,hole
UNIT-12283,LINE-B,851.46,155.04,33.8,19.26,1.39,80.88,17.07,0.39,rust
UNIT-10239,LINE-A,879.88,177.38,51.1,31.14,1.71,43.24,28.85,1.61,crack
UNIT-10296,LINE-A,901.96,176.37,48.55,29.65,1.54,52.27,28.01,1.51,crack
UNIT-13356,LINE-A,849.73,147.27,65.05,12.24,4.67,49.68,16.96,0.56,scratch
UNIT-10539,LINE-A,928.92,190.65,51.23,31.72,1.53,46.19,26.37,1.81,crack
UNIT-10416,LINE-C,922.01,176.6,54.37,34.08,1.38,38.66,30.05,2.02,crack
UNIT-10998,LINE-A,882.11,186.34,54.17,32.61,1.13,50.11,17.41,2.6,hole
UNIT-10175,LINE-B,893.6,174.73,52.43,35.2,1.38,42.33,33.36,2.08,crack
UNIT-10322,LINE-C,919.28,175.05,49.49,30.94,1.91,38.31,31.69,1.2,crack
UNIT-10444,LINE-A,925.66,169.25,46.26,30.16,2.0,43.32,34.15,1.49,crack
UNIT-13184,LINE-B,834.99,153.65,64.51,18.8,5.8,41.62,18.27,0.49,scratch
UNIT-12552,LINE-A,845.97,139.93,30.55,9.95,1.38,67.1,15.06,0.73,rust
UNIT-11911,LINE-C,834.63,145.93,48.78,30.97,1.64,41.67,13.97,0.68,normal
UNIT-11237,LINE-A,882.18,188.99,54.51,29.61,1.81,48.19,15.66,1.82,hole
UNIT-11750,LINE-C,838.96,148.77,47.0,27.84,1.85,44.97,18.35,0.43,normal
UNIT-10103,LINE-B,932.08,167.07,51.04,30.46,1.17,36.35,27.75,2.13,crack
UNIT-13273,LINE-C,832.05,144.13,69.53,21.33,3.9,36.88,17.11,0.52,scratch
UNIT-10240,LINE-A,901.92,165.98,48.67,32.97,1.27,46.73,28.25,2.1,crack
UNIT-10706,LINE-B,891.94,185.66,52.04,29.97,1.41,41.53,17.67,1.99,hole
UNIT-10458,LINE-A,898.59,166.51,48.9,32.22,2.11,39.57,27.4,1.46,crack
UNIT-12291,LINE-A,840.21,149.46,32.46,20.34,1.85,82.5,18.18,0.42,rust
UNIT-10777,LINE-A,899.01,188.82,49.66,32.49,1.47,35.86,15.53,1.89,hole
UNIT-13165,LINE-C,835.27,146.06,62.5,13.88,5.04,48.09,14.71,0.5,scratch
UNIT-12958,LINE-A,847.7,147.49,64.96,15.23,5.98,45.15,14.92,0.36,scratch
UNIT-10502,LINE-B,908.01,171.27,47.5,35.25,2.2,45.57,28.13,2.02,crack
UNIT-10045,LINE-B,918.0,172.82,48.59,30.0,1.68,33.04,27.2,1.24,crack
UNIT-10462,LINE-C,927.75,171.43,48.79,33.68,1.28,33.87,30.46,2.17,crack
UNIT-12259,LINE-C,854.83,159.81,36.85,17.46,1.65,81.67,17.2,0.28,rust
UNIT-12758,LINE-C,838.35,149.98,30.56,9.32,1.29,69.99,16.66,0.6,rust
UNIT-12695,LINE-C,840.1,149.57,31.44,9.5,2.03,75.84,17.67,0.7,rust
UNIT-10966,LINE-C,889.31,203.78,46.79,29.82,1.65,47.38,17.46,1.78,hole
UNIT-10479,LINE-C,922.14,173.55,48.52,31.85,0.99,46.2,35.15,2.0,crack
UNIT-11886,LINE-A,843.22,150.9,49.42,31.89,1.43,45.25,16.67,0.53,normal
UNIT-10394,LINE-A,903.06,183.03,49.52,31.6,1.75,49.09,28.88,2.0,crack
UNIT-10059,LINE-C,912.16,165.33,48.36,30.13,1.1,51.06,29.04,1.73,crack
UNIT-10528,LINE-B,914.86,175.01,47.4,33.4,2.03,42.74,33.02,1.59,crack
UNIT-13321,LINE-A,834.44,148.91,57.52,19.4,5.78,49.23,17.37,0.53,scratch
UNIT-11114,LINE-A,893.12,185.66,55.0,33.03,1.46,48.59,16.64,1.79,hole
UNIT-10913,LINE-C,881.69,197.82,44.87,33.89,1.56,47.93,17.58,2.77,hole
UNIT-12584,LINE-C,832.2,148.41,37.4,19.74,1.44,67.51,15.15,0.55,rust
UNIT-11603,LINE-A,837.22,155.32,55.29,33.02,1.21,40.11,14.77,0.48,normal
UNIT-10930,LINE-B,872.4,186.8,50.72,32.32,1.22,43.18,17.27,1.58,hole
UNIT-12668,LINE-B,836.01,145.02,38.79,22.02,1.17,70.43,17.9,0.48,rust
UNIT-13112,LINE-B,846.64,151.54,60.79,13.93,5.11,38.15,17.54,0.71,scratch
UNIT-13181,LINE-A,835.44,154.44,64.71,20.14,3.69,36.67,15.59,0.44,scratch
UNIT-10719,LINE-B,888.44,184.95,48.33,33.79,2.13,45.92,17.37,2.89,hole
UNIT-12659,LINE-A,841.63,149.84,36.63,19.88,1.68,85.21,15.35,0.43,rust
UNIT-10645,LINE-B,905.1,167.46,48.6,30.94,1.54,50.61,32.92,1.6,crack
UNIT-13309,LINE-C,849.21,154.19,67.93,19.19,5.15,40.02,18.15,0.71,scratch
UNIT-12132,LINE-B,826.21,151.88,28.78,11.49,0.94,85.19,17.23,0.21,rust
UNIT-10512,LINE-A,924.43,173.95,50.18,33.48,1.26,44.35,27.44,1.09,crack
UNIT-11463,LINE-A,834.09,146.27,50.03,36.24,1.99,48.39,14.94,0.52,normal
UNIT-10189,LINE-B,880.67,166.46,51.02,29.35,1.43,39.9,25.14,1.77,crack
UNIT-12593,LINE-A,846.08,150.85,34.09,16.13,1.82,68.5,17.03,0.56,rust
UNIT-13020,LINE-A,841.19,158.33,70.55,10.68,4.36,44.68,15.7,0.66,scratch
UNIT-11346,LINE-B,874.78,183.01,53.66,32.73,1.73,47.08,15.69,1.55,hole
UNIT-12156,LINE-A,844.25,139.46,34.84,15.44,2.23,64.19,17.13,0.58,rust
UNIT-11361,LINE-A,883.19,202.91,53.92,31.04,1.39,51.59,19.35,2.97,hole
UNIT-10412,LINE-A,877.85,178.75,51.61,33.86,1.45,39.39,35.26,1.44,crack
UNIT-10241,LINE-B,892.84,172.6,49.65,29.63,1.39,42.95,29.16,1.38,crack
UNIT-11955,LINE-A,831.16,153.14,53.01,30.78,1.19,48.55,18.75,0.61,normal
UNIT-10922,LINE-A,875.4,181.08,50.83,29.58,1.34,40.51,20.25,1.9,hole
UNIT-10872,LINE-C,906.82,182.32,49.91,32.15,1.58,38.86,15.5,2.26,hole
UNIT-11425,LINE-A,838.78,151.25,51.78,30.84,1.53,42.76,18.93,0.5,normal
UNIT-10803,LINE-A,878.48,189.78,54.99,34.36,1.09,45.49,16.15,2.44,hole
UNIT-13266,LINE-B,848.52,147.36,59.54,15.44,4.39,41.05,17.43,0.83,scratch
UNIT-12093,LINE-C,833.83,139.86,50.28,32.94,1.8,39.91,16.09,0.33,normal
UNIT-12180,LINE-A,840.18,150.78,34.76,14.65,1.7,77.81,15.99,0.52,rust
UNIT-10858,LINE-A,896.07,196.18,51.33,27.06,1.4,48.61,17.49,2.44,hole
UNIT-10153,LINE-A,927.78,166.57,53.07,34.31,1.95,37.06,32.55,2.3,crack
UNIT-11272,LINE-B,877.31,200.42,45.54,33.36,1.36,46.66,17.96,2.4,hole
UNIT-11193,LINE-B,913.46,185.78,50.55,30.55,1.62,36.74,18.11,2.62,hole
UNIT-11054,LINE-A,886.91,190.8,48.45,35.01,1.59,41.39,15.91,2.91,hole
UNIT-11685,LINE-C,847.44,141.45,49.76,29.74,1.86,49.33,17.76,0.42,normal
UNIT-10257,LINE-A,917.12,176.25,50.38,34.04,1.6,37.69,34.69,1.82,crack
UNIT-11547,LINE-A,836.2,153.77,49.86,34.92,1.38,49.76,18.48,0.43,normal
UNIT-12642,LINE-B,839.34,147.78,34.31,17.49,1.85,74.68,16.5,0.3,rust
UNIT-12315,LINE-A,839.42,156.87,31.77,7.97,1.36,64.15,16.82,0.56,rust
UNIT-10496,LINE-C,917.2,169.53,49.41,30.21,1.84,36.51,34.3,1.09,crack
UNIT-12339,LINE-B,832.72,141.96,35.18,19.84,1.62,76.47,16.46,0.41,rust
UNIT-11585,LINE-B,847.59,149.01,48.56,29.12,1.94,41.16,18.58,0.62,normal
UNIT-12222,LINE-A,844.97,150.21,37.07,12.73,1.69,88.96,18.01,0.45,rust
UNIT-11223,LINE-B,880.92,185.88,48.37,29.35,1.29,44.82,17.99,1.44,hole
UNIT-11964,LINE-B,835.45,147.76,48.29,32.4,1.18,45.21,18.01,0.41,normal
UNIT-13138,LINE-A,841.45,154.99,66.05,13.58,3.82,46.51,17.36,0.47,scratch
UNIT-10179,LINE-B,909.57,177.86,44.32,30.13,1.48,43.28,31.36,1.05,crack
UNIT-11851,LINE-A,847.99,148.22,51.35,32.0,1.06,44.12,17.91,0.36,normal
UNIT-13394,LINE-B,837.96,151.88,60.37,20.8,5.87,45.94,14.41,0.33,scratch
UNIT-12044,LINE-B,832.03,150.97,50.96,31.2,1.74,48.93,16.37,0.49,normal
UNIT-11988,LINE-C,839.98,142.47,47.56,32.67,1.44,43.13,16.84,0.4,normal
UNIT-12983,LINE-C,839.71,147.24,65.27,15.19,6.45,42.39,15.97,0.47,scratch
UNIT-11026,LINE-C,864.09,193.57,51.9,30.42,2.02,45.69,16.64,2.59,hole
UNIT-11642,LINE-C,827.15,149.62,48.1,33.74,1.83,46.03,15.94,0.63,normal
UNIT-11843,LINE-C,830.69,149.16,48.73,33.55,2.06,50.21,18.33,0.36,normal
UNIT-10898,LINE-A,881.97,183.3,51.9,34.44,1.87,53.94,16.31,1.99,hole
UNIT-11426,LINE-A,854.28,152.01,51.56,34.33,1.31,43.34,20.64,0.49,normal
UNIT-10480,LINE-C,896.73,160.83,52.14,32.8,1.72,42.3,31.2,1.11,crack
UNIT-10015,LINE-B,898.19,175.58,46.58,30.46,1.86,43.04,32.58,1.41,crack
UNIT-13055,LINE-A,836.5,150.73,64.31,12.33,3.87,47.82,17.78,0.46,scratch
UNIT-10174,LINE-B,909.56,157.76,48.62,29.56,1.45,43.41,32.82,2.11,crack
UNIT-10782,LINE-B,877.01,179.6,48.94,28.88,1.2,46.96,16.58,2.92,hole
UNIT-10332,LINE-C,879.83,169.8,51.29,30.33,2.26,46.28,27.35,2.04,crack
UNIT-11018,LINE-B,862.4,186.19,49.87,29.22,1.99,42.26,16.22,2.94,hole
UNIT-12030,LINE-A,841.5,152.93,51.11,31.9,1.47,45.65,16.82,0.77,normal
UNIT-13480,LINE-A,834.1,157.26,64.13,14.09,5.68,46.26,18.7,0.7,scratch
UNIT-11090,LINE-B,872.72,184.68,49.79,33.49,1.6,50.96,14.62,2.53,hole
UNIT-11979,LINE-A,834.01,153.74,56.68,30.22,1.79,44.62,18.69,0.6,normal
UNIT-10388,LINE-B,929.83,155.03,49.96,31.79,1.46,50.9,29.55,1.5,crack
UNIT-12359,LINE-B,850.29,144.77,28.9,13.14,1.81,84.13,16.04,0.59,rust
UNIT-10439,LINE-C,909.78,169.39,51.33,35.67,1.38,50.67,31.99,2.06,crack
UNIT-11392,LINE-C,875.9,198.91,47.19,29.46,1.84,46.77,19.35,2.33,hole
UNIT-12965,LINE-A,851.72,150.92,59.62,15.81,5.73,47.6,13.95,0.53,scratch
UNIT-11512,LINE-A,835.62,158.95,50.74,32.32,1.49,50.36,17.54,0.44,normal
UNIT-11398,LINE-B,877.76,185.16,53.3,33.02,1.59,52.24,18.23,2.22,hole
UNIT-10325,LINE-A,899.21,168.68,51.18,31.57,1.8,40.77,31.85,1.32,crack
UNIT-10928,LINE-A,878.05,186.24,48.76,33.63,1.63,46.98,18.2,3.2,hole
UNIT-11951,LINE-A,831.08,151.22,49.33,28.72,1.74,41.76,18.54,0.47,normal
UNIT-12475,LINE-A,839.26,158.83,29.96,16.83,1.27,78.25,15.77,0.6,rust
UNIT-10064,LINE-A,909.82,170.54,56.4,31.81,1.94,41.19,29.3,2.35,crack
UNIT-10267,LINE-C,918.72,171.18,48.83,29.14,1.83,39.42,29.74,2.13,crack
UNIT-12087,LINE-B,854.55,146.31,45.87,32.22,2.04,46.65,16.89,0.54,normal
UNIT-12097,LINE-A,825.78,156.94,48.01,33.03,1.46,37.7,17.27,0.64,normal
UNIT-10158,LINE-B,875.07,170.32,48.82,31.97,1.76,44.03,28.23,1.11,crack
UNIT-10451,LINE-A,914.59,180.73,49.72,34.88,1.49,41.98,34.52,1.64,crack
UNIT-10062,LINE-A,890.36,171.57,54.16,34.03,1.05,38.88,31.44,1.83,crack
UNIT-12495,LINE-A,839.9,143.88,38.38,12.55,2.05,73.69,16.49,0.61,rust
UNIT-12253,LINE-A,848.44,152.16,36.0,23.47,1.33,70.4,18.75,0.72,rust
UNIT-10255,LINE-B,906.45,178.14,50.67,30.19,1.65,45.95,28.71,1.98,crack
UNIT-12382,LINE-B,833.28,146.26,39.57,14.35,1.6,84.67,15.4,0.1,rust
UNIT-12802,LINE-A,844.65,152.59,62.59,22.72,5.37,51.97,16.99,0.47,scratch
UNIT-12421,LINE-A,829.04,155.41,38.1,12.15,1.57,78.89,19.05,0.74,rust
UNIT-10440,LINE-B,924.11,174.5,51.88,33.31,1.89,43.95,33.06,1.9,crack
UNIT-10125,LINE-C,890.46,173.58,54.2,30.5,1.95,41.71,31.69,1.67,crack
UNIT-11201,LINE-A,861.04,192.8,46.71,33.35,1.76,42.82,13.5,2.78,hole
UNIT-11357,LINE-A,864.88,185.68,51.35,30.46,1.44,39.72,16.65,3.26,hole
UNIT-10264,LINE-C,927.64,156.27,49.75,30.79,1.73,45.88,33.24,1.53,crack
UNIT-11698,LINE-C,824.49,144.32,51.61,29.46,1.5,51.79,16.93,0.55,normal
UNIT-11071,LINE-B,890.85,186.33,50.88,34.77,1.86,39.17,18.03,1.88,hole
UNIT-11794,LINE-A,826.43,152.39,51.99,31.56,1.62,48.65,15.94,0.41,normal
UNIT-12298,LINE-A,843.99,145.24,33.32,9.72,1.46,77.31,18.87,0.66,rust
UNIT-12859,LINE-B,854.28,151.08,66.09,16.7,4.07,39.75,18.05,0.71,scratch
UNIT-10487,LINE-A,922.44,169.5,46.86,32.34,1.71,46.78,32.67,1.37,crack
UNIT-11658,LINE-A,846.05,148.98,53.21,29.59,1.57,45.6,15.24,0.65,normal
UNIT-10679,LINE-C,919.29,183.11,50.08,31.65,1.92,44.02,32.06,2.0,crack
UNIT-12314,LINE-A,840.84,151.92,41.4,18.04,1.62,75.74,15.68,0.39,rust
UNIT-10089,LINE-A,886.67,174.96,52.02,29.51,1.93,41.17,24.36,1.46,crack
UNIT-11075,LINE-C,895.56,197.47,48.35,32.66,2.0,42.98,19.85,2.04,hole
UNIT-12994,LINE-A,834.38,146.21,63.27,17.18,6.02,37.05,17.37,0.62,scratch
UNIT-11227,LINE-C,874.13,189.51,49.26,33.48,1.93,40.28,16.57,2.62,hole
UNIT-12835,LINE-B,855.93,152.5,66.05,18.4,4.35,44.57,17.46,0.56,scratch
UNIT-12517,LINE-B,841.93,149.07,28.8,10.67,1.39,82.53,16.69,0.44,rust
UNIT-11827,LINE-A,840.93,153.75,49.6,31.05,1.19,50.73,16.97,0.43,normal
UNIT-10868,LINE-B,892.91,191.66,48.63,30.96,1.34,39.72,15.42,1.48,hole
UNIT-13255,LINE-A,837.18,145.31,68.52,11.31,6.81,39.84,16.0,0.59,scratch
UNIT-13016,LINE-B,846.32,147.39,60.88,25.87,5.37,48.02,16.3,0.81,scratch
UNIT-13157,LINE-A,830.15,140.85,62.63,21.95,4.48,44.71,18.01,0.49,scratch
UNIT-13131,LINE-C,837.21,155.86,67.28,18.28,3.71,36.49,18.03,0.48,scratch
UNIT-10121,LINE-B,882.37,184.33,50.82,32.06,1.57,43.66,31.28,2.07,crack
UNIT-11488,LINE-C,846.97,150.25,51.2,33.43,1.45,45.2,16.62,0.48,normal
UNIT-12441,LINE-A,843.11,153.66,39.36,17.55,1.78,77.59,18.07,0.49,rust
UNIT-12401,LINE-A,853.61,142.16,31.06,12.67,1.5,81.49,18.16,0.77,rust
UNIT-13202,LINE-C,824.01,140.84,64.36,15.27,5.17,45.3,19.67,0.8,scratch
UNIT-12340,LINE-C,841.56,150.57,34.15,15.52,1.61,76.49,16.83,0.36,rust
UNIT-11784,LINE-B,834.24,142.79,51.96,30.87,1.79,45.56,17.72,0.51,normal
UNIT-12818,LINE-A,843.29,152.15,65.28,14.44,4.09,42.55,15.65,0.62,scratch
UNIT-12943,LINE-B,841.06,149.77,63.69,16.09,5.19,44.35,17.7,0.27,scratch
UNIT-10284,LINE-B,910.13,166.79,49.3,30.07,1.75,41.09,34.02,2.24,crack
UNIT-11068,LINE-A,886.45,188.83,50.84,32.48,1.52,43.84,16.39,1.88,hole
UNIT-10275,LINE-A,874.56,183.46,53.84,30.69,1.49,45.11,28.46,2.14,crack
UNIT-13384,LINE-B,843.15,146.98,65.16,17.39,5.21,46.34,17.29,0.56,scratch
UNIT-10622,LINE-B,914.25,163.78,49.95,31.5,1.47,43.96,26.31,1.74,crack
UNIT-11222,LINE-C,875.26,196.78,52.98,34.67,1.7,48.34,16.16,2.1,hole
UNIT-10110,LINE-C,898.18,169.61,53.48,33.12,1.6,38.75,24.08,1.22,crack
UNIT-11124,LINE-A,860.57,191.25,45.37,30.83,2.03,38.07,18.18,1.87,hole
UNIT-12447,LINE-B,833.42,145.69,34.35,10.45,1.48,70.11,17.37,0.67,rust
UNIT-10150,LINE-A,881.88,163.52,50.8,34.68,1.04,44.46,30.93,1.61,crack
UNIT-10215,LINE-B,902.7,161.42,51.08,30.39,1.46,38.86,28.99,2.08,crack
UNIT-10552,LINE-B,900.99,168.91,50.63,28.41,1.51,44.98,32.23,1.82,crack
UNIT-11331,LINE-A,861.26,198.92,46.79,32.74,1.52,39.93,15.89,2.27,hole
UNIT-12885,LINE-A,835.48,146.68,67.04,19.59,4.59,50.96,17.6,0.55,scratch
UNIT-11740,LINE-A,837.6,147.04,48.65,34.37,1.5,39.46,16.31,0.51,normal
UNIT-13069,LINE-A,855.15,152.61,72.55,12.79,6.34,39.85,16.95,0.39,scratch
UNIT-13044,LINE-B,844.98,152.78,56.48,12.29,4.89,43.25,17.69,0.41,scratch
UNIT-10369,LINE-A,875.24,190.76,50.8,31.67,1.83,46.05,33.5,2.39,crack
UNIT-11830,LINE-A,843.6,147.35,48.13,33.12,1.08,37.0,17.95,0.57,normal
UNIT-12585,LINE-B,851.21,146.2,34.84,15.69,1.69,71.55,16.46,0.54,rust
UNIT-10880,LINE-A,894.29,199.5,50.05,34.63,1.67,46.84,16.68,2.61,hole
UNIT-12271,LINE-B,843.2,148.77,31.23,14.57,1.62,80.56,16.01,0.46,rust
UNIT-13306,LINE-A,840.68,146.56,67.8,13.24,6.4,43.49,18.58,0.18,scratch
UNIT-13071,LINE-A,830.03,162.34,69.2,14.29,4.28,42.03,16.79,0.58,scratch
UNIT-11407,LINE-C,836.92,144.95,49.38,30.04,1.44,34.14,14.4,0.55,normal
UNIT-12460,LINE-C,848.93,151.38,35.3,15.99,2.12,74.62,15.39,0.56,rust
UNIT-12275,LINE-B,835.93,156.11,38.64,17.05,1.58,85.99,16.85,0.5,rust
UNIT-10813,LINE-B,898.13,192.09,49.66,29.05,1.51,46.83,16.76,2.54,hole
UNIT-10046,LINE-B,912.8,174.67,47.85,31.23,1.9,41.69,32.21,1.42,crack
UNIT-13289,LINE-A,854.03,150.44,58.1,15.94,4.58,38.95,17.29,0.7,scratch
UNIT-12537,LINE-B,839.07,147.98,37.7,17.63,1.12,82.14,17.99,0.73,rust
UNIT-12823,LINE-A,849.95,156.96,69.32,11.66,4.88,44.9,17.11,0.26,scratch
UNIT-10443,LINE-C,925.95,166.65,51.52,27.84,1.8,39.68,32.03,2.27,crack
UNIT-12947,LINE-C,835.77,158.31,71.61,18.26,6.52,41.48,17.3,0.52,scratch
UNIT-10219,LINE-B,904.23,188.97,50.67,35.03,2.02,45.66,27.53,1.94,crack
UNIT-11692,LINE-A,838.0,147.51,49.91,31.84,1.04,50.08,15.52,0.36,normal
UNIT-13391,LINE-A,838.19,146.68,68.16,15.81,4.16,45.29,17.41,0.46,scratch
UNIT-11727,LINE-B,817.34,147.69,47.91,29.01,1.99,38.65,17.87,0.8,normal
UNIT-12551,LINE-A,822.13,157.61,27.93,10.9,2.02,73.08,19.64,0.82,rust
UNIT-13021,LINE-A,841.16,148.51,62.95,15.07,4.89,47.71,15.72,0.33,scratch
UNIT-13340,LINE-C,835.35,135.76,72.15,15.2,4.83,40.4,17.51,0.37,scratch
UNIT-10333,LINE-B,911.33,176.59,50.83,32.34,1.09,44.77,30.09,1.19,crack
UNIT-10252,LINE-C,882.7,177.11,48.97,35.78,1.77,38.66,33.96,1.44,crack
UNIT-10355,LINE-B,899.3,173.03,50.38,35.86,1.99,41.56,28.72,1.51,crack
UNIT-12763,LINE-A,835.9,150.17,35.79,11.95,1.62,76.61,18.25,0.28,rust
UNIT-10933,LINE-C,860.47,187.14,53.88,32.53,1.65,44.9,17.62,1.52,hole
UNIT-12829,LINE-B,828.2,148.12,59.59,19.43,6.25,44.87,18.33,0.48,scratch
UNIT-11207,LINE-C,895.66,191.54,46.29,32.89,1.58,37.11,14.49,2.23,hole
UNIT-10671,LINE-B,895.41,180.36,52.17,35.86,1.45,44.22,32.45,2.03,crack
UNIT-12731,LINE-A,838.92,152.8,34.55,16.19,1.84,85.2,13.11,0.53,rust
UNIT-13094,LINE-B,833.84,150.16,65.25,13.57,5.47,47.96,17.24,0.59,scratch
UNIT-11748,LINE-B,853.47,145.02,46.64,33.9,1.42,43.97,16.52,0.3,normal
UNIT-11816,LINE-A,834.46,152.45,52.4,32.6,2.12,42.69,16.61,0.53,normal
UNIT-11221,LINE-A,900.06,191.16,48.23,32.8,1.82,45.29,14.24,1.57,hole
UNIT-12639,LINE-A,841.27,150.06,35.5,11.79,2.02,83.39,15.87,0.42,rust
UNIT-11613,LINE-A,845.89,148.72,46.42,32.68,1.62,39.77,14.02,0.59,normal
UNIT-11273,LINE-A,889.41,200.96,47.66,32.79,2.19,38.44,18.1,1.98,hole
UNIT-12408,LINE-C,855.38,156.25,30.39,18.01,2.08,87.96,17.13,0.15,rust
UNIT-10762,LINE-B,882.98,187.25,45.76,29.89,2.03,41.83,18.07,2.24,hole
UNIT-10409,LINE-A,891.67,169.96,50.11,34.51,2.38,48.55,30.26,1.17,crack
UNIT-11252,LINE-B,885.89,206.36,50.97,30.42,2.02,40.95,19.58,2.22,hole
UNIT-12531,LINE-A,847.05,150.61,38.44,16.63,1.48,73.45,16.55,0.37,rust
UNIT-11570,LINE-B,842.75,153.12,53.96,32.66,1.56,40.73,20.03,0.58,normal
UNIT-11962,LINE-A,831.07,150.12,47.06,31.15,1.87,39.88,16.24,0.51,normal
UNIT-10875,LINE-C,884.18,177.99,47.64,32.25,2.13,46.24,17.91,2.34,hole
UNIT-11617,LINE-B,846.79,145.86,49.18,29.82,1.91,45.94,18.01,0.63,normal
UNIT-11271,LINE-A,899.45,178.79,48.98,28.94,1.83,42.66,17.82,2.8,hole
UNIT-11212,LINE-C,880.73,197.23,51.33,31.92,1.7,47.42,19.09,1.99,hole
UNIT-10001,LINE-A,897.34,172.42,50.7,34.02,1.43,41.9,28.46,1.7,crack
UNIT-11498,LINE-A,848.63,139.2,48.75,28.48,1.51,42.11,17.12,0.41,normal
UNIT-11445,LINE-A,835.04,153.16,49.91,31.43,2.0,47.93,15.34,0.56,normal
UNIT-13367,LINE-C,826.31,147.7,54.8,20.74,5.7,45.57,18.71,0.61,scratch
UNIT-10574,LINE-A,895.46,169.13,51.11,30.5,1.25,44.44,31.43,1.03,crack
UNIT-11432,LINE-C,832.8,142.79,47.52,30.24,1.72,41.9,17.28,0.69,normal
UNIT-12956,LINE-B,829.12,143.75,63.34,14.4,4.02,42.99,16.88,0.42,scratch
UNIT-11787,LINE-A,840.89,164.38,56.84,31.36,1.89,38.98,13.84,0.5,normal
UNIT-10248,LINE-B,897.32,176.3,47.63,35.49,1.88,43.05,28.61,1.34,crack
UNIT-10424,LINE-B,906.02,170.22,49.57,30.37,1.85,48.28,30.46,2.16,crack
UNIT-11555,LINE-B,847.36,148.96,47.41,32.74,1.62,41.55,15.85,0.35,normal
UNIT-10722,LINE-C,889.59,185.23,48.98,31.38,1.65,36.11,19.03,2.55,hole
UNIT-12099,LINE-C,848.93,148.05,49.96,33.65,1.37,49.7,17.44,0.33,normal
UNIT-11023,LINE-A,881.8,205.6,48.32,34.72,0.83,42.46,15.06,3.12,hole
UNIT-10808,LINE-B,889.89,188.7,49.07,29.91,1.84,52.55,15.96,2.64,hole
UNIT-10176,LINE-A,878.11,174.76,48.64,31.67,1.61,39.99,29.9,1.05,crack
UNIT-10279,LINE-C,889.32,180.2,56.39,30.72,1.34,44.34,33.15,1.49,crack
UNIT-12621,LINE-A,850.17,151.86,41.29,13.44,1.69,65.92,14.22,0.66,rust
UNIT-12770,LINE-A,848.45,151.15,37.9,15.49,1.15,81.44,16.42,0.65,rust
UNIT-11085,LINE-A,889.29,192.79,54.02,35.01,1.21,36.55,16.87,2.46,hole
UNIT-11557,LINE-A,841.39,152.65,50.33,30.91,1.6,53.73,17.47,0.21,normal
UNIT-12230,LINE-A,833.19,148.75,37.04,13.5,1.45,78.99,14.61,0.63,rust
UNIT-10417,LINE-A,904.46,183.62,51.2,31.86,1.26,43.39,34.47,1.5,crack
UNIT-12284,LINE-C,833.81,147.58,27.37,12.02,0.95,83.24,16.89,0.58,rust
UNIT-10218,LINE-A,908.08,177.0,45.31,33.24,1.41,39.24,28.71,1.86,crack
UNIT-11537,LINE-A,844.48,151.79,46.88,28.52,1.83,43.51,15.39,0.62,normal
UNIT-12685,LINE-A,837.25,152.67,36.31,17.45,1.38,78.03,16.84,0.39,rust
UNIT-12954,LINE-A,845.1,146.69,59.51,19.84,5.43,36.77,20.22,0.37,scratch
UNIT-12261,LINE-A,841.56,148.21,35.46,17.98,1.97,83.33,15.37,0.37,rust
UNIT-13352,LINE-B,839.5,144.97,65.82,19.92,6.35,42.59,17.88,0.51,scratch
UNIT-13405,LINE-C,839.55,150.17,58.52,23.2,5.79,44.24,15.83,0.5,scratch
UNIT-10713,LINE-B,889.11,169.15,48.28,36.87,1.42,51.08,16.09,2.0,hole
UNIT-10450,LINE-A,887.21,178.42,49.88,32.23,1.62,40.29,32.71,1.39,crack
UNIT-13493,LINE-A,840.81,155.92,57.2,16.13,6.03,43.71,14.78,0.26,scratch
UNIT-11466,LINE-A,829.66,145.19,44.98,30.9,2.05,45.06,15.2,0.65,normal
UNIT-10786,LINE-A,873.08,201.0,47.57,29.46,1.58,41.71,17.92,2.5,hole
UNIT-10434,LINE-B,888.45,168.18,51.99,33.95,1.45,43.4,29.62,1.36,crack
UNIT-10953,LINE-A,906.59,193.52,52.34,32.33,2.02,48.08,16.11,2.08,hole
UNIT-10372,LINE-B,909.61,164.86,50.57,30.88,1.43,46.78,29.19,1.29,crack
UNIT-12879,LINE-B,833.86,146.66,61.96,24.11,5.74,54.21,17.63,0.64,scratch
UNIT-12104,LINE-A,839.83,157.2,36.16,16.82,1.28,75.79,15.62,0.38,rust
UNIT-11638,LINE-A,852.85,145.62,50.18,35.42,1.97,42.65,18.22,0.95,normal
UNIT-10597,LINE-A,923.06,184.73,45.84,33.24,1.39,43.1,27.96,1.85,crack
UNIT-11813,LINE-A,836.55,160.72,49.75,32.63,1.34,47.47,21.43,0.57,normal
UNIT-12273,LINE-C,850.92,141.0,37.77,15.76,1.45,85.01,18.63,0.74,rust
UNIT-12078,LINE-A,844.55,142.93,54.44,34.41,1.45,40.85,17.3,0.28,normal
UNIT-11262,LINE-A,888.91,194.2,48.66,32.64,1.72,44.91,18.6,1.95,hole
UNIT-11150,LINE-B,882.7,200.61,50.37,33.75,1.8,46.51,17.3,1.57,hole
UNIT-10247,LINE-A,898.51,168.16,48.83,29.69,1.27,45.19,27.38,1.97,crack
UNIT-10506,LINE-B,880.26,163.51,45.92,31.15,1.75,40.44,28.78,1.29,crack
UNIT-12846,LINE-B,841.11,148.87,57.97,20.81,5.69,46.2,17.71,0.53,scratch
UNIT-11785,LINE-A,839.29,140.37,53.84,29.81,1.62,45.29,16.32,0.54,normal
UNIT-12565,LINE-B,850.08,147.95,34.32,18.55,1.88,88.42,16.22,0.77,rust
UNIT-13023,LINE-A,856.86,154.4,69.22,15.12,5.43,44.63,16.54,0.61,scratch
UNIT-11840,LINE-A,840.24,139.62,48.89,28.53,2.01,40.92,19.48,0.67,normal
UNIT-12795,LINE-A,839.08,134.46,42.9,11.12,1.89,69.62,14.69,0.51,rust
UNIT-10565,LINE-A,923.45,179.44,45.71,28.84,1.46,44.78,28.81,1.96,crack
UNIT-12184,LINE-A,849.63,153.32,32.82,20.61,1.46,83.79,15.22,0.56,rust
UNIT-11895,LINE-A,845.67,154.78,50.68,29.33,1.82,49.39,19.24,0.59,normal
UNIT-11042,LINE-B,872.16,191.33,48.43,31.39,1.55,41.89,17.09,2.87,hole
UNIT-11462,LINE-A,836.76,146.01,50.8,31.81,1.69,51.56,18.37,0.5,normal
UNIT-11765,LINE-A,841.51,156.81,49.96,31.47,1.54,36.59,18.03,0.48,normal
UNIT-12914,LINE-B,836.24,141.75,57.57,16.67,4.92,41.82,15.79,0.37,scratch
UNIT-11415,LINE-A,839.49,145.67,48.2,34.6,1.74,48.39,17.37,0.37,normal
UNIT-12690,LINE-A,844.37,151.01,31.96,8.96,1.87,88.89,16.12,0.43,rust
UNIT-10486,LINE-A,906.41,189.62,49.65,33.18,1.57,51.77,27.09,2.24,crack
UNIT-11984,LINE-C,846.36,155.59,49.9,32.17,1.62,40.86,17.65,0.47,normal
UNIT-13483,LINE-C,830.14,149.76,60.66,20.5,6.42,39.98,18.5,0.21,scratch
UNIT-10259,LINE-C,898.84,182.2,55.88,26.67,1.8,36.94,24.73,2.25,crack
UNIT-11796,LINE-B,839.65,155.73,51.75,36.49,1.89,44.61,15.24,0.41,normal
UNIT-11704,LINE-A,836.96,150.84,52.2,33.68,1.99,47.35,17.36,0.43,normal
UNIT-10986,LINE-C,887.96,198.47,52.01,31.41,1.98,45.57,15.56,2.27,hole
UNIT-12935,LINE-A,839.12,154.59,65.79,15.99,5.38,46.67,15.36,0.33,scratch
UNIT-12534,LINE-B,850.51,148.58,34.19,16.96,2.16,67.6,16.98,0.65,rust
UNIT-10643,LINE-A,890.39,182.38,51.43,33.26,1.81,40.3,24.17,1.69,crack
UNIT-11887,LINE-A,841.1,157.56,49.94,33.2,1.63,52.13,16.79,0.59,normal
UNIT-10863,LINE-B,882.53,179.83,51.15,35.45,1.3,40.05,15.77,2.52,hole
UNIT-13410,LINE-A,833.53,148.63,73.4,14.91,4.56,44.88,15.87,0.61,scratch
UNIT-11363,LINE-B,904.5,186.27,45.94,32.09,1.16,44.5,17.01,2.51,hole
UNIT-12371,LINE-A,849.08,155.57,35.42,12.78,1.59,86.4,15.64,0.71,rust
UNIT-11780,LINE-A,837.19,151.21,50.21,32.84,1.87,49.22,17.43,0.34,normal
UNIT-11538,LINE-A,833.92,145.67,51.73,29.64,1.52,40.38,14.82,0.63,normal
UNIT-13345,LINE-A,832.69,143.46,68.82,14.27,3.82,48.41,18.42,0.39,scratch
UNIT-10297,LINE-B,908.64,178.9,53.01,30.75,1.11,45.73,33.27,1.95,crack
UNIT-13056,LINE-A,838.27,146.23,63.71,17.3,4.64,47.58,13.74,0.63,scratch
UNIT-10508,LINE-A,916.9,185.09,49.09,33.71,1.7,50.0,30.89,2.41,crack
UNIT-10008,LINE-C,898.72,183.0,48.68,33.03,1.63,47.87,28.22,2.08,crack
UNIT-11916,LINE-B,819.2,143.82,42.88,31.85,1.9,44.42,19.09,0.62,normal
UNIT-12692,LINE-C,834.03,147.11,45.67,12.05,0.9,65.66,16.67,0.31,rust
UNIT-13414,LINE-A,844.33,147.41,68.61,13.75,5.86,42.34,17.06,0.34,scratch
UNIT-12416,LINE-C,859.99,150.15,35.13,16.61,1.86,69.77,18.6,0.65,rust
UNIT-11386,LINE-A,878.64,189.33,54.25,33.26,1.17,42.29,18.09,2.74,hole
UNIT-11831,LINE-A,852.24,151.84,48.79,32.79,1.95,44.33,15.89,0.23,normal
UNIT-13374,LINE-A,831.79,152.76,66.3,9.77,6.25,42.91,16.93,0.43,scratch
UNIT-11362,LINE-A,870.77,198.93,46.19,35.61,1.57,39.21,18.48,2.01,hole
UNIT-11111,LINE-A,880.62,185.18,52.97,34.87,2.04,37.91,19.36,2.5,hole
UNIT-11065,LINE-C,861.87,177.77,50.23,31.43,0.92,51.79,14.02,2.68,hole
UNIT-10097,LINE-B,914.61,179.26,47.11,28.93,2.03,36.7,36.62,2.36,crack
UNIT-10894,LINE-C,862.84,203.95,45.69,31.56,1.98,38.7,16.84,1.88,hole
UNIT-10737,LINE-B,857.45,190.22,53.13,34.75,2.16,36.91,19.44,2.7,hole
UNIT-10938,LINE-A,896.81,191.78,48.52,31.55,2.07,39.83,14.89,2.41,hole
UNIT-11736,LINE-A,833.61,155.14,50.38,34.76,1.4,47.5,21.26,0.55,normal
UNIT-10026,LINE-B,922.04,170.97,51.7,31.38,1.7,43.48,29.63,1.58,crack
UNIT-12239,LINE-C,854.14,155.99,39.97,16.68,1.09,89.97,17.98,0.39,rust
UNIT-10830,LINE-C,866.5,186.66,50.2,31.7,1.46,38.77,17.89,2.22,hole
UNIT-12381,LINE-B,834.12,144.86,31.9,12.64,1.36,80.97,16.04,0.32,rust
UNIT-11043,LINE-A,885.86,176.01,47.77,31.08,1.92,43.47,18.51,1.95,hole
UNIT-13494,LINE-C,851.88,144.41,66.17,13.82,4.41,40.11,19.55,0.41,scratch
UNIT-12177,LINE-A,832.7,159.7,37.99,12.5,1.94,71.31,13.94,0.49,rust
UNIT-11747,LINE-B,836.79,142.12,47.26,32.87,1.4,49.13,15.24,0.65,normal
UNIT-10068,LINE-B,925.82,184.81,50.21,34.13,1.44,49.64,38.29,1.55,crack
UNIT-12413,LINE-A,831.15,143.25,32.04,17.94,1.79,70.3,18.82,0.3,rust
UNIT-10819,LINE-A,871.95,184.04,51.6,33.31,1.74,39.09,16.82,2.0,hole
UNIT-11627,LINE-B,832.99,153.63,49.95,33.85,1.34,45.73,17.82,0.27,normal
UNIT-13296,LINE-B,838.75,149.93,63.21,15.58,5.72,47.84,15.62,0.39,scratch
UNIT-11019,LINE-C,898.91,195.29,52.81,32.25,1.53,42.6,18.54,2.95,hole
UNIT-10032,LINE-B,936.97,174.0,47.75,32.98,1.2,51.33,28.27,1.49,crack
UNIT-13488,LINE-A,837.39,147.62,71.58,10.97,3.92,46.87,15.96,0.59,scratch
UNIT-12852,LINE-A,852.49,148.89,62.55,24.24,5.22,47.04,16.86,0.71,scratch
UNIT-10611,LINE-B,889.97,172.68,49.6,33.42,1.52,47.47,34.02,2.24,crack
UNIT-11973,LINE-B,831.43,138.1,47.69,27.28,1.34,49.68,14.23,0.57,normal
UNIT-13244,LINE-C,838.75,153.37,59.65,16.25,6.44,47.31,20.02,0.46,scratch
UNIT-10344,LINE-C,903.49,180.71,52.85,31.23,1.27,49.68,31.84,2.25,crack
UNIT-12133,LINE-B,820.67,147.64,33.64,18.79,1.49,76.52,14.4,0.46,rust
UNIT-11917,LINE-B,848.14,159.28,49.77,31.17,1.5,49.49,16.04,0.63,normal
UNIT-12867,LINE-C,840.69,150.91,63.97,18.65,4.49,45.35,18.72,0.72,scratch
UNIT-12872,LINE-A,841.32,152.83,68.74,17.0,5.79,48.12,19.51,0.71,scratch
UNIT-13047,LINE-B,834.19,150.84,67.97,19.67,6.22,36.07,20.58,0.47,scratch
UNIT-13196,LINE-A,840.96,147.27,72.51,21.1,5.73,45.69,15.27,0.33,scratch
UNIT-10810,LINE-A,878.65,194.27,50.54,36.84,2.19,38.38,14.46,2.87,hole
UNIT-12516,LINE-C,827.56,147.32,35.96,20.12,1.18,69.11,15.31,0.54,rust
UNIT-12828,LINE-C,835.81,159.58,66.28,15.7,5.54,44.33,16.05,0.34,scratch
UNIT-12390,LINE-A,843.24,152.7,31.62,18.32,0.67,72.87,19.15,0.57,rust
UNIT-13283,LINE-B,834.83,143.43,64.11,23.72,5.13,48.08,16.74,0.55,scratch
UNIT-10577,LINE-C,900.14,185.54,51.76,32.7,1.0,43.82,32.48,1.69,crack
UNIT-13148,LINE-A,824.78,160.76,70.85,20.26,3.72,44.96,16.07,0.56,scratch
UNIT-12196,LINE-C,840.34,150.16,33.1,14.56,1.87,75.5,16.55,0.5,rust
UNIT-13305,LINE-A,847.63,152.87,70.53,15.16,3.77,48.26,18.88,0.49,scratch
UNIT-12219,LINE-A,849.38,145.99,38.33,11.94,1.88,64.85,16.7,0.47,rust
UNIT-10529,LINE-A,908.58,181.7,47.82,30.64,1.86,43.61,26.42,1.7,crack
UNIT-10177,LINE-A,904.21,158.04,51.95,27.18,1.58,44.06,32.58,2.02,crack
UNIT-11413,LINE-C,851.35,152.66,50.31,32.79,1.49,39.04,18.44,0.49,normal
UNIT-10423,LINE-B,896.26,182.51,51.27,31.62,1.67,47.61,28.89,1.77,crack
UNIT-11179,LINE-B,900.3,195.27,48.93,28.31,1.96,44.35,12.84,2.63,hole
UNIT-11573,LINE-B,844.6,154.06,53.36,35.69,1.72,49.65,17.03,0.28,normal
UNIT-13312,LINE-A,842.45,140.69,76.03,16.01,5.18,44.05,18.35,0.67,scratch
UNIT-13285,LINE-A,832.16,148.03,61.79,19.38,4.19,40.37,14.27,0.44,scratch
UNIT-10817,LINE-A,874.41,197.46,47.92,32.41,1.77,43.41,14.37,3.04,hole
UNIT-12806,LINE-B,841.62,157.02,71.17,12.83,6.09,45.47,14.51,0.51,scratch
UNIT-10289,LINE-B,902.57,176.36,52.76,35.87,2.02,46.22,23.48,1.32,crack
UNIT-12972,LINE-A,839.76,156.73,66.05,18.3,4.26,41.7,15.16,0.85,scratch
UNIT-12326,LINE-C,840.49,144.76,34.28,20.96,1.5,75.65,15.79,0.45,rust
UNIT-12470,LINE-A,830.18,149.69,40.94,22.66,1.57,67.23,18.79,0.33,rust
UNIT-11321,LINE-C,871.58,180.41,51.07,31.43,1.55,47.22,15.5,2.59,hole
UNIT-10178,LINE-B,900.91,165.13,51.68,33.18,1.49,41.71,28.87,1.69,crack
UNIT-10760,LINE-A,878.13,181.45,49.57,30.21,1.78,42.87,16.45,2.59,hole
UNIT-11058,LINE-C,881.99,189.9,49.26,32.18,1.26,47.32,19.43,1.85,hole
UNIT-12555,LINE-C,849.56,156.36,34.58,12.66,1.55,71.86,17.37,0.38,rust
UNIT-12336,LINE-A,843.44,138.84,36.23,23.67,1.51,86.0,14.43,0.6,rust
UNIT-10371,LINE-A,895.24,179.26,44.52,31.33,1.94,49.06,24.77,1.29,crack
UNIT-11420,LINE-A,840.78,155.14,48.92,29.34,1.23,38.83,17.72,0.72,normal
UNIT-10599,LINE-A,904.97,163.04,49.79,31.23,1.77,44.37,27.41,1.8,crack
UNIT-12128,LINE-B,830.68,152.69,37.94,16.18,1.86,80.98,14.93,0.42,rust
UNIT-10730,LINE-B,900.5,202.37,50.49,27.55,1.67,44.35,17.83,2.52,hole
UNIT-13039,LINE-C,839.89,153.04,59.93,17.56,3.73,37.21,18.42,0.55,scratch
UNIT-13360,LINE-A,827.52,149.41,69.68,17.42,4.65,38.81,13.85,0.55,scratch
UNIT-11172,LINE-B,889.04,188.27,44.51,32.03,1.78,49.24,19.27,2.66,hole
UNIT-11540,LINE-A,843.3,146.92,52.12,30.27,1.65,41.91,18.83,0.4,normal
UNIT-12707,LINE-C,842.46,149.99,41.31,23.52,1.82,72.52,16.67,0.54,rust
UNIT-10142,LINE-C,884.13,172.21,47.05,34.38,1.46,44.8,33.8,1.83,crack
UNIT-11812,LINE-A,844.24,142.13,46.92,32.5,1.7,40.04,16.14,0.22,normal
UNIT-10666,LINE-A,915.27,179.94,51.03,30.12,1.94,47.22,34.54,1.47,crack
UNIT-12858,LINE-B,850.59,143.38,59.37,17.4,4.66,41.47,17.46,0.29,scratch
UNIT-12060,LINE-B,833.78,144.3,51.71,31.51,1.52,43.96,15.69,0.73,normal
UNIT-10655,LINE-A,868.43,184.2,51.8,32.64,1.44,46.01,34.69,1.83,crack
UNIT-10472,LINE-C,909.48,161.96,49.58,31.35,1.72,43.38,26.14,1.72,crack
UNIT-11028,LINE-A,894.58,201.0,46.29,32.7,2.27,43.3,16.69,2.58,hole
UNIT-11789,LINE-B,841.18,146.89,50.01,33.06,1.37,39.21,20.09,0.53,normal
UNIT-12989,LINE-B,856.51,157.5,63.99,20.48,3.92,46.09,17.3,0.4,scratch
UNIT-10753,LINE-B,900.44,195.73,53.57,32.95,2.06,42.32,15.0,2.15,hole
UNIT-12602,LINE-B,834.85,153.85,34.3,20.44,1.65,68.66,17.32,0.54,rust
UNIT-12949,LINE-C,838.18,153.35,67.23,12.54,5.27,40.79,13.78,0.29,scratch
UNIT-11118,LINE-A,873.13,208.82,49.47,30.35,1.99,44.24,16.67,2.45,hole
UNIT-10196,LINE-A,903.78,166.8,52.23,33.15,1.75,44.2,33.64,1.96,crack
UNIT-10533,LINE-B,909.99,167.26,52.43,33.25,1.1,39.86,31.14,2.0,crack
UNIT-13180,LINE-A,840.38,162.0,71.0,16.55,6.33,38.62,19.3,0.42,scratch
UNIT-12145,LINE-A,853.27,148.05,38.13,11.82,1.95,73.05,15.67,0.44,rust
UNIT-12747,LINE-B,836.95,145.75,37.48,15.95,1.85,80.2,16.91,0.36,rust
UNIT-12116,LINE-A,833.63,150.76,35.3,14.36,2.71,75.83,17.23,0.31,rust
UNIT-11024,LINE-C,905.93,182.11,52.16,34.14,1.7,46.35,17.77,2.25,hole
UNIT-10556,LINE-A,888.83,178.45,48.52,32.88,1.13,45.83,34.27,1.14,crack
UNIT-12320,LINE-C,836.33,146.82,36.57,10.53,1.84,67.36,17.9,0.5,rust
UNIT-12921,LINE-A,842.87,148.85,71.3,13.29,5.91,42.58,15.53,0.58,scratch
UNIT-12251,LINE-B,838.66,150.58,35.98,21.73,2.09,83.64,18.55,0.58,rust
UNIT-13128,LINE-A,822.96,146.76,68.72,16.58,3.47,40.44,19.65,0.79,scratch
UNIT-10745,LINE-A,909.36,186.98,53.48,31.44,1.33,45.0,15.26,2.46,hole
UNIT-10632,LINE-C,897.46,169.94,46.29,27.9,1.98,46.47,28.59,1.6,crack
UNIT-11558,LINE-B,845.63,148.16,47.48,36.44,1.82,40.61,16.7,0.55,normal
UNIT-12214,LINE-A,843.6,157.3,31.41,15.61,1.61,68.42,18.21,0.59,rust
UNIT-10163,LINE-B,899.22,176.8,50.64,34.09,1.17,40.63,31.07,1.68,crack
UNIT-11002,LINE-B,885.85,193.66,49.39,30.32,1.49,49.83,15.62,2.74,hole
UNIT-11719,LINE-A,830.75,148.26,48.9,29.52,1.69,43.5,16.04,0.81,normal
UNIT-11004,LINE-B,879.28,187.28,53.57,30.88,1.28,45.98,17.2,2.3,hole
UNIT-11234,LINE-A,889.76,189.15,48.3,31.38,1.3,48.27,16.62,2.43,hole
UNIT-11030,LINE-C,900.31,200.63,50.54,31.67,1.24,46.77,16.67,1.65,hole
UNIT-10548,LINE-B,886.65,170.87,53.85,34.51,1.39,47.28,25.58,1.61,crack
UNIT-12454,LINE-B,835.08,144.91,42.12,10.56,1.3,71.29,15.97,0.44,rust
UNIT-12890,LINE-C,840.78,152.72,60.69,10.89,4.0,38.59,17.89,0.36,scratch
UNIT-13311,LINE-A,826.18,153.66,67.06,13.91,5.25,45.56,16.71,0.65,scratch
UNIT-10569,LINE-B,940.94,162.84,51.82,29.4,1.54,47.97,34.21,1.06,crack
UNIT-12160,LINE-A,849.54,152.07,36.83,17.17,1.39,89.2,18.76,0.57,rust
UNIT-13385,LINE-C,836.37,152.47,58.17,10.77,6.46,45.86,17.54,0.5,scratch
UNIT-10941,LINE-A,880.31,194.97,46.61,28.31,1.75,50.82,17.47,2.17,hole
UNIT-12280,LINE-C,846.18,153.39,38.72,8.11,1.55,70.26,18.93,0.54,rust
UNIT-10612,LINE-A,920.2,168.79,53.12,29.89,1.92,48.19,30.8,1.47,crack
UNIT-11870,LINE-A,832.74,151.74,51.3,33.21,1.15,44.0,15.46,0.56,normal
UNIT-13211,LINE-C,836.65,148.68,60.89,18.8,4.21,50.37,20.31,0.52,scratch
UNIT-11612,LINE-A,853.78,134.95,51.72,31.68,1.35,47.2,19.56,0.62,normal
UNIT-12752,LINE-B,854.95,159.23,29.56,10.71,2.11,88.23,17.78,0.43,rust
UNIT-10757,LINE-B,876.0,186.25,48.17,31.72,1.55,40.51,17.7,2.65,hole
UNIT-12633,LINE-A,842.0,150.85,38.09,11.91,1.52,68.2,15.24,0.34,rust
UNIT-10582,LINE-B,900.86,167.37,50.64,30.74,1.73,41.13,27.02,1.47,crack
UNIT-11942,LINE-B,844.88,150.81,43.06,35.58,1.81,40.93,16.96,0.33,normal
UNIT-11654,LINE-A,840.27,143.48,46.32,32.97,1.86,44.76,18.73,0.49,normal
UNIT-10977,LINE-B,898.84,196.32,49.2,32.99,1.99,41.76,18.5,2.18,hole
UNIT-10074,LINE-C,892.66,187.98,52.05,33.01,1.92,48.68,35.88,1.23,crack
UNIT-10049,LINE-A,926.84,176.15,47.79,32.57,1.65,46.28,29.89,2.11,crack
UNIT-13232,LINE-A,841.48,144.99,63.02,14.39,5.38,47.79,15.82,0.52,scratch
UNIT-13339,LINE-C,838.29,150.46,72.93,12.05,5.68,40.7,15.88,0.54,scratch
UNIT-13261,LINE-A,826.31,149.89,61.33,14.33,4.34,39.51,14.93,0.37,scratch
UNIT-13123,LINE-B,832.98,151.84,63.88,18.58,6.1,41.21,16.66,0.33,scratch
UNIT-11950,LINE-A,831.88,150.85,52.78,29.46,1.46,40.56,18.48,0.7,normal
UNIT-12938,LINE-C,834.05,154.04,67.98,11.75,4.85,41.15,18.32,0.67,scratch
UNIT-11165,LINE-A,883.34,182.88,48.42,34.11,2.31,44.14,18.15,2.14,hole
UNIT-12686,LINE-C,837.89,154.24,37.44,16.28,1.9,84.65,16.2,0.61,rust
UNIT-11996,LINE-A,851.54,149.64,46.69,32.51,1.85,43.9,19.2,0.62,normal
UNIT-12324,LINE-B,840.18,151.17,33.09,20.41,1.27,79.19,15.94,0.26,rust
UNIT-11481,LINE-B,845.21,159.41,52.29,28.15,1.48,37.53,16.04,0.44,normal
UNIT-11495,LINE-B,848.7,148.32,48.33,30.17,0.7,42.38,21.15,0.69,normal
UNIT-11007,LINE-B,876.92,197.71,52.74,31.83,1.89,34.36,19.04,2.02,hole
UNIT-10573,LINE-A,916.81,167.28,57.45,31.78,2.13,46.01,33.64,1.59,crack
UNIT-12000,LINE-B,827.19,150.29,52.42,35.01,1.14,42.59,18.55,0.47,normal
UNIT-12803,LINE-B,838.1,144.12,59.53,13.44,5.56,43.41,15.59,0.44,scratch
UNIT-11117,LINE-A,875.35,197.59,49.22,34.56,1.59,47.7,16.54,2.85,hole
UNIT-11033,LINE-B,864.01,175.81,47.4,33.36,1.7,44.65,20.01,3.0,hole
UNIT-12141,LINE-B,845.14,148.07,31.23,17.23,2.09,78.93,16.76,0.28,rust
UNIT-12234,LINE-B,832.43,143.02,31.53,13.79,2.21,79.08,16.22,0.46,rust
UNIT-10949,LINE-C,878.16,210.29,49.29,33.92,1.46,41.39,19.85,2.26,hole
UNIT-12459,LINE-B,839.57,140.95,35.24,10.19,1.99,73.16,17.44,0.62,rust
UNIT-11733,LINE-A,842.9,150.9,51.49,35.31,1.29,47.0,16.84,0.67,normal
UNIT-13395,LINE-A,818.97,160.43,62.25,11.42,5.86,49.97,17.32,0.59,scratch
UNIT-13331,LINE-A,843.76,146.81,63.39,20.34,5.84,43.04,14.09,0.42,scratch
UNIT-12679,LINE-C,828.33,152.21,37.77,20.34,1.19,79.99,17.63,0.37,rust
UNIT-13036,LINE-A,840.76,140.15,64.31,17.62,4.03,43.56,18.81,0.57,scratch
UNIT-13231,LINE-A,843.08,147.78,68.72,10.47,6.88,49.79,18.07,0.46,scratch
UNIT-10260,LINE-A,922.61,183.47,52.6,33.17,1.56,46.32,24.2,2.02,crack
UNIT-13433,LINE-B,838.6,148.72,60.9,16.09,4.22,37.59,16.22,0.46,scratch
UNIT-11743,LINE-B,840.18,156.82,51.92,31.63,1.37,40.63,18.43,0.44,normal
UNIT-13160,LINE-A,843.85,148.24,63.89,14.74,4.77,41.5,17.61,0.42,scratch
UNIT-12528,LINE-A,832.81,149.78,26.21,16.49,1.71,72.7,17.24,0.49,rust
UNIT-11469,LINE-B,841.98,158.85,48.86,32.52,1.05,45.01,17.32,0.52,normal
UNIT-10765,LINE-B,883.68,193.38,48.9,32.58,1.66,48.85,16.59,2.73,hole
UNIT-12793,LINE-B,846.08,149.23,33.06,9.7,1.82,73.4,14.95,0.7,rust
UNIT-11879,LINE-C,848.32,154.06,49.89,29.11,1.24,36.91,16.79,0.4,normal
UNIT-12693,LINE-A,841.57,148.58,36.93,19.02,1.85,82.81,16.68,0.55,rust
UNIT-13179,LINE-C,836.32,157.08,63.47,15.61,4.64,46.02,18.13,0.42,scratch
UNIT-11310,LINE-B,909.59,191.39,52.86,33.1,1.42,46.25,15.31,2.67,hole
UNIT-12346,LINE-A,843.25,149.78,34.99,17.86,1.7,92.94,15.86,0.7,rust
UNIT-10812,LINE-B,864.28,175.2,48.35,32.6,1.44,43.11,19.25,2.12,hole
UNIT-11038,LINE-B,896.39,192.04,45.73,29.12,1.49,49.06,15.46,2.77,hole
UNIT-12853,LINE-B,838.34,149.3,69.38,21.1,6.86,49.75,10.72,0.52,scratch
UNIT-11133,LINE-B,876.48,193.64,50.73,32.63,1.82,49.37,18.52,2.21,hole
UNIT-12759,LINE-A,838.71,159.41,32.94,11.42,1.56,77.65,15.98,0.29,rust
UNIT-11660,LINE-B,836.9,157.85,48.12,32.43,1.83,43.97,16.55,0.61,normal
UNIT-12085,LINE-B,833.61,145.8,47.44,31.32,1.98,39.54,16.26,0.65,normal
UNIT-12998,LINE-B,826.12,140.69,64.85,14.54,6.75,41.89,18.16,0.33,scratch
UNIT-11453,LINE-C,830.9,154.07,49.84,33.2,1.35,51.86,17.37,0.44,normal
UNIT-12098,LINE-C,839.24,145.27,54.53,29.07,1.72,45.51,18.73,0.71,normal
UNIT-12258,LINE-A,833.65,156.0,30.82,18.62,2.1,71.12,17.29,0.48,rust
UNIT-12666,LINE-A,843.36,149.03,40.04,11.37,2.04,82.66,17.25,0.41,rust
UNIT-13452,LINE-A,834.14,149.99,69.16,18.05,4.29,45.99,17.58,0.61,scratch
UNIT-10109,LINE-A,911.24,190.34,51.42,33.2,1.45,43.05,26.68,1.82,crack
UNIT-12634,LINE-C,831.49,151.23,35.33,10.92,1.65,95.22,15.21,0.36,rust
UNIT-12554,LINE-A,842.35,144.12,37.79,12.42,2.07,79.91,17.0,0.47,rust
UNIT-12811,LINE-C,835.72,148.85,64.82,14.7,5.83,46.23,15.92,0.45,scratch
UNIT-10319,LINE-C,888.01,173.29,49.49,32.44,2.07,44.27,27.81,1.62,crack
UNIT-10060,LINE-A,908.07,181.99,50.53,31.81,1.44,45.6,32.94,1.29,crack
UNIT-10811,LINE-A,890.07,195.86,49.05,32.6,1.05,48.01,17.88,2.79,hole
UNIT-11614,LINE-B,834.34,150.37,47.5,35.2,2.02,41.87,19.68,0.5,normal
UNIT-11069,LINE-C,869.41,183.68,49.78,31.35,1.44,41.17,16.74,2.62,hole
UNIT-11232,LINE-C,872.63,177.47,50.98,35.46,1.39,47.66,19.66,2.6,hole
UNIT-13413,LINE-B,837.68,153.63,69.45,21.56,3.56,37.76,16.8,0.57,scratch
UNIT-12439,LINE-A,850.34,145.06,36.73,19.72,1.35,90.98,15.92,0.18,rust
UNIT-10766,LINE-B,905.04,201.51,50.47,31.54,0.76,39.75,17.49,2.0,hole
UNIT-10848,LINE-B,867.21,188.0,46.09,31.63,1.82,44.63,18.2,2.51,hole
UNIT-11515,LINE-B,857.11,154.48,51.79,35.83,1.7,48.13,17.25,0.63,normal
UNIT-12422,LINE-A,848.73,149.14,34.05,13.81,1.39,73.44,18.86,0.61,rust
UNIT-13482,LINE-C,830.17,156.94,59.29,12.15,4.48,39.96,17.89,0.58,scratch
UNIT-13085,LINE-A,846.7,148.78,69.71,17.57,6.26,38.07,20.17,0.46,scratch
UNIT-10728,LINE-B,896.04,195.49,52.42,32.47,1.19,40.08,18.72,3.0,hole
UNIT-10865,LINE-C,887.11,173.22,51.91,34.83,1.61,37.58,16.52,1.94,hole
UNIT-13225,LINE-C,841.82,144.34,69.17,21.01,6.3,48.65,17.78,0.8,scratch
UNIT-10221,LINE-B,897.45,171.21,48.42,29.98,1.37,41.25,28.16,1.91,crack
UNIT-12543,LINE-A,838.2,152.85,39.43,17.31,0.98,86.45,18.0,0.46,rust
UNIT-10583,LINE-B,896.23,170.71,49.28,34.3,1.52,42.73,33.2,1.76,crack
UNIT-13101,LINE-A,836.76,146.99,61.54,22.54,4.57,45.83,18.04,0.06,scratch
UNIT-11533,LINE-B,840.14,154.19,47.93,31.02,1.2,40.19,19.05,0.58,normal
UNIT-11162,LINE-A,896.89,196.91,45.18,32.73,1.61,37.81,17.91,2.01,hole
UNIT-10057,LINE-B,938.41,157.12,44.8,29.52,1.25,44.81,29.17,1.83,crack
UNIT-10188,LINE-A,925.55,185.77,54.94,28.87,2.09,44.42,33.12,1.4,crack
UNIT-12070,LINE-A,841.12,149.97,46.91,31.29,1.19,46.36,16.92,0.44,normal
UNIT-12012,LINE-C,827.94,143.74,51.47,31.55,1.58,41.55,17.76,0.45,normal
UNIT-12367,LINE-C,832.0,153.51,42.63,18.06,1.77,83.75,16.42,0.36,rust
UNIT-13090,LINE-A,837.53,157.24,57.84,18.9,3.38,48.93,14.49,0.87,scratch
UNIT-10469,LINE-B,887.64,187.55,47.9,34.43,1.49,50.02,34.82,1.44,crack
UNIT-11345,LINE-B,861.18,203.69,51.23,31.6,1.89,46.08,17.49,1.86,hole
UNIT-12907,LINE-A,843.01,157.45,70.73,19.6,4.39,40.67,15.32,0.58,scratch
UNIT-12186,LINE-C,834.74,156.85,28.26,15.38,1.86,74.28,16.16,0.63,rust
UNIT-10227,LINE-B,920.53,182.45,46.61,30.89,1.81,44.64,26.81,2.36,crack
UNIT-10536,LINE-A,922.92,169.29,52.27,32.14,2.22,38.25,30.27,1.67,crack
UNIT-12127,LINE-A,846.03,159.52,33.66,15.61,1.28,65.35,20.27,0.51,rust
UNIT-11954,LINE-A,845.7,153.45,48.42,30.95,1.47,43.17,14.16,0.47,normal
UNIT-11160,LINE-B,887.75,188.22,47.58,31.38,1.69,48.01,16.62,2.89,hole
UNIT-11554,LINE-A,835.16,147.19,47.0,33.5,1.6,43.14,15.12,0.49,normal
UNIT-12458,LINE-B,853.52,143.58,39.07,14.6,2.21,88.58,14.61,0.55,rust
UNIT-12926,LINE-A,840.64,152.26,68.25,12.7,5.83,49.13,17.82,0.4,scratch
UNIT-11035,LINE-A,882.62,186.58,46.49,32.01,1.93,43.72,15.11,2.21,hole
UNIT-12667,LINE-A,845.47,151.55,41.96,7.83,1.46,82.95,18.85,0.31,rust
UNIT-13238,LINE-A,832.24,143.49,57.9,20.47,4.18,37.09,18.17,0.47,scratch
UNIT-10070,LINE-A,918.26,168.54,49.88,33.35,1.26,45.53,30.38,1.39,crack
UNIT-10735,LINE-A,884.25,185.23,53.68,33.59,1.84,43.13,14.39,3.25,hole
UNIT-11611,LINE-A,846.29,153.42,47.9,32.3,1.79,40.24,17.21,0.68,normal
UNIT-13178,LINE-A,834.84,148.34,62.37,12.85,3.75,47.82,16.96,0.37,scratch
UNIT-13065,LINE-A,841.75,157.68,63.26,14.94,5.32,51.35,18.15,0.33,scratch
UNIT-10377,LINE-B,890.38,174.22,51.18,30.23,2.04,46.16,34.08,1.17,crack
UNIT-10437,LINE-A,887.95,174.96,52.5,36.87,1.09,48.92,26.45,2.43,crack
UNIT-12356,LINE-B,847.51,157.0,36.29,15.01,1.59,76.6,17.4,0.32,rust
UNIT-12035,LINE-A,845.63,146.39,47.52,34.79,1.65,41.6,12.85,0.59,normal
UNIT-11581,LINE-B,838.69,153.41,52.47,33.81,1.9,35.67,15.24,0.42,normal
UNIT-10209,LINE-B,928.25,165.69,48.25,31.02,1.76,39.84,26.31,1.5,crack
UNIT-12877,LINE-B,830.27,159.29,56.96,22.81,4.68,52.64,15.41,0.53,scratch
UNIT-10566,LINE-C,946.54,173.41,45.72,31.21,1.13,38.03,24.2,1.17,crack
UNIT-10314,LINE-C,873.82,168.75,44.56,32.36,2.03,38.1,34.06,1.21,crack
UNIT-10602,LINE-B,897.56,173.25,50.68,31.89,1.76,38.64,30.91,2.13,crack
UNIT-10234,LINE-A,917.07,160.17,48.86,32.36,1.78,41.77,25.93,1.54,crack
UNIT-11653,LINE-B,841.14,151.32,51.44,35.62,1.47,43.49,16.97,0.15,normal
UNIT-12834,LINE-B,832.4,146.64,68.95,13.84,4.59,41.71,16.36,0.33,scratch
UNIT-13380,LINE-A,842.69,151.83,63.99,16.14,3.89,45.23,17.0,0.49,scratch
UNIT-10013,LINE-C,935.77,193.29,49.19,31.59,1.17,48.76,35.82,1.74,crack
UNIT-10112,LINE-A,903.76,188.73,50.37,31.33,1.42,42.79,34.38,1.86,crack
UNIT-12269,LINE-B,837.23,147.13,36.76,13.28,2.21,68.38,17.71,0.31,rust
UNIT-11898,LINE-B,837.31,158.0,48.13,36.23,1.95,45.61,17.84,0.36,normal
UNIT-11579,LINE-A,822.25,149.23,52.35,29.62,1.73,45.26,17.49,0.45,normal
UNIT-12426,LINE-B,827.97,153.83,34.24,13.44,1.57,71.17,15.25,0.44,rust
UNIT-13496,LINE-A,832.75,159.84,64.11,22.97,5.51,37.9,15.52,0.38,scratch
UNIT-11458,LINE-B,835.06,146.91,52.39,29.98,1.93,45.34,17.78,0.46,normal
UNIT-10473,LINE-C,902.86,182.91,50.88,31.06,1.66,43.56,30.86,2.15,crack
UNIT-12038,LINE-C,843.17,154.9,51.29,33.72,1.65,42.98,16.18,0.4,normal
UNIT-10832,LINE-B,876.26,175.61,49.9,32.5,1.43,44.54,17.65,1.87,hole
UNIT-11993,LINE-C,832.37,154.83,52.68,34.08,1.84,45.79,17.65,0.52,normal
UNIT-11105,LINE-C,876.32,192.48,47.96,33.63,1.52,44.43,16.5,2.04,hole
UNIT-13174,LINE-C,842.97,156.07,62.21,20.03,5.33,43.96,18.02,0.26,scratch
UNIT-11427,LINE-B,843.63,158.58,47.4,33.55,1.76,43.08,16.66,0.64,normal
UNIT-11546,LINE-C,844.43,154.05,49.18,34.07,1.27,43.98,18.25,0.65,normal
UNIT-11504,LINE-B,835.63,149.08,47.42,29.64,2.23,45.21,15.75,0.62,normal
UNIT-12530,LINE-B,830.05,145.3,38.14,14.27,1.85,88.13,17.55,0.65,rust
UNIT-11610,LINE-A,850.76,146.93,52.39,34.51,1.38,40.44,16.59,0.34,normal
UNIT-10656,LINE-A,929.95,174.2,49.85,31.56,1.66,39.4,24.71,1.25,crack
UNIT-11609,LINE-A,846.39,146.52,46.58,31.39,1.99,47.34,16.43,0.4,normal
UNIT-10362,LINE-C,917.2,182.4,49.51,31.07,1.61,37.02,29.34,1.53,crack
UNIT-10136,LINE-A,907.92,175.23,50.81,31.5,1.51,37.75,31.3,1.88,crack
UNIT-12431,LINE-B,857.64,155.55,36.29,11.55,1.21,77.69,16.49,0.44,rust
UNIT-13083,LINE-A,838.56,146.18,68.61,16.07,4.25,47.43,16.21,0.37,scratch
UNIT-11147,LINE-C,872.13,211.37,46.27,32.24,1.47,44.94,19.63,2.66,hole
UNIT-13379,LINE-A,836.15,162.34,64.31,20.18,4.85,47.86,18.22,0.73,scratch
UNIT-10367,LINE-A,906.53,168.95,51.01,30.46,1.45,45.75,26.19,2.3,crack
UNIT-12172,LINE-B,839.34,145.0,30.43,10.75,2.03,89.25,16.89,0.18,rust
UNIT-12580,LINE-B,843.07,155.5,35.6,13.92,1.22,90.09,15.42,0.44,rust
UNIT-10030,LINE-C,904.52,176.75,50.24,30.45,1.61,45.99,33.45,2.33,crack
UNIT-12913,LINE-C,840.64,147.35,69.34,11.38,5.1,43.79,19.78,0.79,scratch
UNIT-10023,LINE-A,909.24,189.61,51.01,33.82,1.54,44.24,29.85,1.67,crack
UNIT-13259,LINE-A,850.31,149.86,68.11,17.13,5.53,43.19,15.35,0.8,scratch
UNIT-13447,LINE-A,839.96,139.78,61.34,20.45,6.24,36.56,19.85,0.41,scratch
UNIT-11076,LINE-B,899.65,186.17,53.8,31.0,0.95,47.52,17.52,2.04,hole
UNIT-12756,LINE-A,832.31,155.02,34.26,17.6,1.41,69.84,15.79,0.75,rust
UNIT-10696,LINE-B,901.64,172.94,49.78,36.42,1.84,52.76,33.11,1.77,crack
UNIT-13453,LINE-B,836.73,145.24,56.94,18.14,4.84,46.85,17.12,0.4,scratch
UNIT-10701,LINE-B,862.16,198.25,51.53,31.16,1.73,51.33,15.82,1.98,hole
UNIT-10421,LINE-A,926.24,181.83,49.22,34.46,1.55,42.69,25.16,1.19,crack
UNIT-10683,LINE-B,877.14,195.6,51.82,30.04,1.67,38.62,29.17,1.73,crack
UNIT-11905,LINE-B,835.43,138.07,45.89,30.82,1.51,46.88,14.76,0.57,normal
UNIT-10461,LINE-C,889.68,178.56,53.52,29.58,1.18,43.45,29.53,2.02,crack
UNIT-10044,LINE-C,888.93,179.43,50.68,31.9,1.53,40.37,30.82,1.88,crack
UNIT-10088,LINE-A,906.22,173.49,48.62,30.66,1.59,48.69,30.96,1.76,crack
UNIT-11703,LINE-A,817.36,152.83,48.15,31.0,1.63,36.12,17.09,0.6,normal
UNIT-11399,LINE-B,868.68,197.64,52.45,31.32,2.48,49.09,16.96,1.98,hole
UNIT-13426,LINE-B,844.69,148.56,70.25,18.93,6.12,40.45,19.57,0.49,scratch
UNIT-10562,LINE-B,925.89,176.48,51.3,29.84,1.9,48.51,32.54,1.99,crack
UNIT-10283,LINE-A,926.02,179.35,53.96,29.76,2.2,40.88,26.77,1.9,crack
UNIT-13421,LINE-A,837.24,151.13,53.24,16.55,6.57,44.79,16.82,0.51,scratch
UNIT-13189,LINE-A,850.64,153.69,72.27,18.54,4.64,40.48,15.67,0.71,scratch
UNIT-11767,LINE-C,829.64,154.73,48.71,31.28,1.84,48.29,16.3,0.52,normal
UNIT-13322,LINE-A,844.16,149.57,74.78,16.61,4.07,49.74,14.82,0.58,scratch
UNIT-11443,LINE-A,843.09,145.69,46.89,32.16,1.86,44.3,16.63,0.33,normal
UNIT-10466,LINE-A,932.76,171.45,48.77,34.66,1.31,45.63,24.94,1.78,crack
UNIT-11197,LINE-B,872.33,200.93,46.97,32.75,2.24,42.91,19.75,2.03,hole
UNIT-11583,LINE-B,850.13,145.05,48.78,34.07,1.53,41.98,16.85,0.33,normal
UNIT-10860,LINE-A,897.52,181.63,51.61,34.28,1.22,44.27,16.92,2.37,hole
UNIT-10534,LINE-A,905.05,176.01,55.36,28.91,1.01,38.0,28.85,1.97,crack
UNIT-12851,LINE-B,846.94,153.49,62.4,17.21,3.96,42.65,17.92,0.4,scratch
UNIT-12857,LINE-A,836.58,146.31,67.93,22.54,4.72,36.56,16.26,0.48,scratch
UNIT-12158,LINE-A,832.52,153.62,37.54,15.85,1.53,82.67,16.9,0.21,rust
UNIT-11850,LINE-C,826.85,148.18,48.78,30.43,1.36,36.77,15.09,0.63,normal
UNIT-13462,LINE-A,849.27,149.36,65.86,21.1,6.03,41.48,15.71,0.49,scratch
UNIT-12906,LINE-A,836.91,147.3,61.9,19.67,4.58,45.29,18.96,0.38,scratch
UNIT-11668,LINE-C,827.42,150.49,53.78,31.93,0.78,45.55,16.7,0.23,normal
UNIT-12476,LINE-B,854.42,146.01,37.69,15.8,1.69,85.9,15.86,0.51,rust
UNIT-11136,LINE-B,902.14,202.13,51.04,31.87,1.12,45.57,17.84,1.51,hole
UNIT-13449,LINE-C,849.04,152.52,62.64,15.13,5.61,45.59,15.01,0.35,scratch
UNIT-12471,LINE-B,841.05,154.68,33.85,19.17,1.71,74.63,19.02,0.38,rust
UNIT-13025,LINE-A,826.95,145.27,62.76,16.9,5.34,48.83,17.64,0.33,scratch
UNIT-11352,LINE-C,878.69,187.28,52.04,33.3,1.85,40.11,16.24,1.99,hole
UNIT-10904,LINE-B,870.68,192.41,52.03,35.51,1.94,44.66,16.57,2.64,hole
UNIT-10638,LINE-C,925.79,171.21,51.21,30.3,1.69,41.07,23.84,1.03,crack
UNIT-11457,LINE-C,838.96,166.08,51.22,29.72,2.13,48.17,17.07,0.43,normal
UNIT-11986,LINE-A,854.27,147.19,48.43,31.74,1.61,51.55,19.35,0.59,normal
UNIT-13461,LINE-A,847.45,151.15,65.92,14.85,6.33,45.26,17.53,0.56,scratch
UNIT-13388,LINE-C,836.19,150.77,67.94,18.45,5.48,46.88,17.79,0.55,scratch
UNIT-12567,LINE-A,845.54,153.5,32.95,13.61,1.67,77.69,17.93,0.29,rust
UNIT-13365,LINE-A,830.78,150.08,67.81,18.7,5.39,48.2,18.01,0.71,scratch
UNIT-11079,LINE-A,898.21,200.19,48.61,30.47,1.63,41.01,15.77,2.56,hole
UNIT-12489,LINE-A,835.21,155.4,35.83,10.71,1.65,74.8,18.09,0.62,rust
UNIT-11821,LINE-B,824.6,153.04,49.55,28.99,1.28,50.26,17.95,0.62,normal
UNIT-10222,LINE-A,900.31,173.97,48.36,33.71,1.27,47.56,27.95,2.02,crack
UNIT-10544,LINE-B,888.2,182.41,51.73,27.94,1.33,42.67,30.57,2.18,crack
UNIT-12182,LINE-A,835.46,144.19,32.33,15.82,2.07,82.74,17.21,0.75,rust
UNIT-13471,LINE-A,838.86,146.06,62.72,19.19,4.48,45.28,15.78,0.41,scratch
UNIT-10888,LINE-B,882.52,189.88,54.96,30.69,1.6,41.39,15.46,1.76,hole
UNIT-12510,LINE-A,849.17,151.43,35.24,9.48,1.49,70.75,18.54,0.57,rust
UNIT-10686,LINE-A,907.26,181.03,48.82,34.24,2.08,50.11,30.78,1.65,crack
UNIT-12680,LINE-B,832.41,154.95,29.67,20.74,1.97,65.59,15.13,0.63,rust
UNIT-10991,LINE-B,893.26,175.35,45.33,28.02,0.98,45.12,15.9,2.13,hole
UNIT-12171,LINE-C,839.67,148.66,32.41,14.5,1.86,81.74,15.27,0.55,rust
UNIT-11428,LINE-A,849.48,159.09,53.49,33.72,1.3,42.36,17.31,0.41,normal
UNIT-12501,LINE-C,841.95,155.01,33.22,19.09,1.41,73.5,19.63,0.49,rust
UNIT-10790,LINE-A,864.79,195.08,49.06,31.64,1.69,46.58,19.53,2.61,hole
UNIT-13088,LINE-B,848.59,149.63,62.08,21.91,4.46,41.86,16.02,0.31,scratch
UNIT-11109,LINE-A,907.18,182.21,47.06,30.77,2.21,40.1,18.63,2.32,hole
UNIT-12300,LINE-C,833.7,153.72,35.03,16.36,1.36,73.65,16.62,0.67,rust
UNIT-12139,LINE-A,838.11,146.92,32.1,7.53,1.57,74.57,15.2,0.71,rust
UNIT-12779,LINE-A,836.33,153.83,33.65,21.77,1.63,71.91,16.7,0.42,rust
UNIT-13295,LINE-A,834.96,155.27,65.82,14.37,4.7,42.08,16.69,0.33,scratch
UNIT-11074,LINE-B,882.87,192.2,50.09,30.56,1.46,43.5,15.41,1.73,hole
UNIT-12574,LINE-C,845.11,152.17,43.75,20.12,1.48,89.24,20.13,0.35,rust
UNIT-11730,LINE-B,834.62,154.61,49.17,35.0,1.45,51.91,18.18,0.77,normal
UNIT-10273,LINE-B,930.04,177.33,47.33,31.44,1.3,48.15,35.77,1.95,crack
UNIT-13377,LINE-A,821.31,158.6,59.79,17.23,5.55,41.73,17.04,0.53,scratch
UNIT-10522,LINE-B,927.95,175.44,48.81,29.39,1.33,37.43,29.43,1.94,crack
UNIT-10523,LINE-B,891.01,172.92,50.48,33.93,1.38,40.5,33.12,1.94,crack
UNIT-12064,LINE-B,845.53,147.56,50.0,33.25,1.65,50.41,16.69,0.42,normal
UNIT-11489,LINE-A,828.58,152.64,46.2,31.97,1.47,44.89,18.75,0.7,normal
UNIT-13324,LINE-A,827.93,148.58,63.26,16.14,6.56,49.99,18.73,0.81,scratch
UNIT-12487,LINE-A,830.05,149.31,34.7,9.0,1.42,78.21,18.73,0.43,rust
UNIT-11229,LINE-B,903.82,188.85,51.7,34.11,1.7,43.84,14.95,2.65,hole
UNIT-10351,LINE-B,899.0,177.7,49.76,29.78,1.21,51.74,29.53,2.31,crack
UNIT-11256,LINE-B,896.53,197.7,50.05,34.37,0.92,43.36,19.55,2.84,hole
UNIT-11511,LINE-C,854.64,147.46,46.7,34.24,1.38,39.15,17.58,0.7,normal
UNIT-11567,LINE-A,845.11,150.63,53.81,35.04,1.34,48.83,17.76,0.54,normal
UNIT-12737,LINE-C,840.15,151.51,35.55,13.81,0.83,82.47,19.35,0.67,rust
UNIT-11478,LINE-A,835.81,153.66,50.87,33.39,1.25,49.73,16.36,0.33,normal
UNIT-12703,LINE-A,839.27,149.36,38.44,9.14,1.86,78.03,17.46,0.84,rust
UNIT-11174,LINE-A,858.31,191.67,47.49,31.1,1.62,47.31,18.19,2.55,hole
UNIT-10652,LINE-C,920.08,179.04,52.04,33.2,1.91,39.92,28.33,1.56,crack
UNIT-12910,LINE-C,848.67,149.5,60.14,20.85,5.64,42.41,20.05,0.59,scratch
UNIT-12664,LINE-A,848.11,154.35,35.43,18.76,1.67,81.28,13.06,0.26,rust
UNIT-13286,LINE-B,842.05,151.65,61.24,15.86,3.71,53.89,16.78,0.5,scratch
UNIT-13022,LINE-A,844.89,153.19,61.01,14.12,5.65,48.15,15.03,0.31,scratch
UNIT-13245,LINE-C,839.77,146.86,66.02,11.84,6.45,41.13,14.85,0.35,scratch
UNIT-12423,LINE-A,847.68,155.57,40.3,11.23,1.32,70.99,15.2,0.26,rust
UNIT-12250,LINE-A,835.13,154.67,40.73,12.58,1.62,80.77,18.27,0.62,rust
UNIT-12074,LINE-A,847.0,149.04,48.97,29.36,1.76,49.28,20.85,0.56,normal
UNIT-11863,LINE-B,828.05,151.11,47.95,34.11,1.53,36.91,17.76,0.53,normal
UNIT-10169,LINE-A,912.11,173.32,50.2,32.05,1.1,48.81,28.75,1.85,crack
UNIT-12917,LINE-A,848.57,152.26,64.59,14.77,4.11,41.33,19.18,0.53,scratch
UNIT-11749,LINE-C,860.48,146.99,49.05,33.49,1.83,45.69,16.16,0.33,normal
UNIT-13249,LINE-B,841.85,154.41,69.97,16.21,3.87,47.98,14.34,0.57,scratch
UNIT-11129,LINE-A,860.41,198.53,39.84,29.77,1.07,48.59,18.4,2.5,hole
UNIT-10804,LINE-A,874.49,188.8,47.48,35.45,1.41,47.86,17.68,2.35,hole
UNIT-12863,LINE-A,853.59,148.97,70.2,12.2,4.59,46.19,17.21,0.42,scratch
UNIT-10963,LINE-C,912.35,183.99,49.4,30.38,1.83,47.94,17.08,2.91,hole
UNIT-10946,LINE-B,885.52,198.92,50.67,30.97,1.6,40.9,14.09,1.88,hole
UNIT-10463,LINE-A,876.65,169.72,51.1,31.16,1.39,48.9,28.33,1.06,crack
UNIT-11826,LINE-C,854.99,145.53,49.79,31.1,1.47,48.74,15.03,0.57,normal
UNIT-12217,LINE-B,830.97,154.45,40.91,19.28,1.67,71.99,15.06,0.66,rust
UNIT-11980,LINE-B,835.85,153.66,52.69,34.43,0.92,41.6,15.47,0.52,normal
UNIT-12380,LINE-B,841.86,151.41,39.6,18.11,1.87,64.33,19.63,0.69,rust
UNIT-11106,LINE-B,880.74,179.76,48.2,29.6,1.09,46.14,18.75,1.74,hole
UNIT-13454,LINE-C,832.89,151.13,66.9,23.15,5.91,41.61,16.17,0.65,scratch
UNIT-11778,LINE-A,858.23,148.93,50.12,30.08,2.07,46.0,15.84,0.35,normal
UNIT-12611,LINE-B,836.01,139.3,40.2,14.47,1.33,71.38,19.82,0.34,rust
UNIT-10220,LINE-B,920.91,175.25,50.74,32.93,1.66,45.25,33.34,1.45,crack
UNIT-10368,LINE-C,916.41,168.24,48.48,31.19,1.39,38.27,32.32,2.07,crack
UNIT-13240,LINE-B,838.2,150.82,59.81,10.54,5.29,49.45,15.89,0.93,scratch
UNIT-13464,LINE-A,836.96,145.81,56.77,13.49,6.27,45.13,18.22,0.66,scratch
UNIT-10550,LINE-A,926.18,179.81,51.71,34.8,1.51,49.38,29.57,2.26,crack
UNIT-13038,LINE-A,833.63,140.54,58.95,13.92,5.87,36.02,13.65,0.67,scratch
UNIT-12504,LINE-C,845.97,148.97,32.48,8.87,1.33,70.81,16.89,0.46,rust
UNIT-11802,LINE-C,846.11,150.34,47.63,33.81,1.66,46.15,19.59,0.38,normal
UNIT-10352,LINE-C,909.03,158.27,42.48,33.14,1.67,39.64,33.51,1.65,crack
UNIT-11353,LINE-C,884.19,205.4,45.57,32.59,1.58,38.99,19.42,2.08,hole
UNIT-10773,LINE-A,880.17,186.93,49.14,36.66,1.65,43.86,16.61,2.24,hole
UNIT-13337,LINE-B,841.54,160.35,61.34,25.26,5.86,46.31,16.29,0.54,scratch
UNIT-12237,LINE-C,848.35,148.87,32.37,23.03,1.33,71.71,16.49,0.71,rust
UNIT-10491,LINE-A,888.36,181.45,47.73,35.14,1.33,34.15,30.45,1.4,crack
UNIT-13137,LINE-B,829.31,150.03,71.47,16.94,4.29,47.64,16.55,0.34,scratch
UNIT-12762,LINE-B,839.69,150.06,34.69,17.23,1.56,67.46,17.91,0.46,rust
UNIT-10499,LINE-C,937.23,169.32,47.25,28.57,1.23,42.29,26.87,1.94,crack
UNIT-12286,LINE-B,846.83,149.8,29.4,17.59,1.21,76.47,15.62,0.2,rust
UNIT-10211,LINE-C,925.94,166.51,46.5,32.03,1.73,47.39,29.65,1.32,crack
UNIT-11176,LINE-C,880.13,179.26,44.95,32.28,1.69,43.81,17.22,1.93,hole
UNIT-10436,LINE-A,891.86,188.64,48.41,31.92,1.77,41.63,30.77,1.36,crack
UNIT-10651,LINE-A,917.23,171.22,52.01,34.27,1.59,38.31,32.53,1.81,crack
UNIT-10228,LINE-B,932.09,179.43,48.52,32.25,2.19,41.98,25.09,2.15,crack
UNIT-10366,LINE-B,911.17,181.18,50.77,30.35,1.68,48.78,24.45,1.51,crack
UNIT-13307,LINE-A,841.56,146.1,63.45,18.82,3.97,40.03,16.62,0.33,scratch
UNIT-10277,LINE-A,904.31,178.1,48.6,34.03,1.35,37.47,28.14,1.43,crack
UNIT-12331,LINE-A,838.54,154.9,38.76,13.67,1.01,87.87,15.63,0.49,rust
UNIT-11316,LINE-A,892.59,189.97,52.63,32.22,1.59,39.71,16.66,2.18,hole
UNIT-10408,LINE-B,899.7,177.89,50.33,31.72,1.46,40.7,28.86,2.08,crack
UNIT-11139,LINE-A,881.6,184.7,51.27,34.47,1.33,42.02,14.59,2.79,hole
UNIT-11378,LINE-B,888.02,183.89,51.21,30.4,1.95,44.51,18.46,2.3,hole
UNIT-10845,LINE-B,891.14,193.86,51.48,33.67,1.28,45.39,16.95,2.51,hole
UNIT-11738,LINE-C,832.93,153.47,47.57,36.27,1.63,39.11,16.23,0.46,normal
UNIT-12119,LINE-B,842.96,146.6,28.14,15.33,1.56,79.87,19.73,0.48,rust
UNIT-11671,LINE-C,842.9,149.07,49.27,29.08,1.6,44.9,19.77,0.57,normal
UNIT-11908,LINE-A,826.49,153.92,52.27,32.91,1.55,38.93,15.26,0.35,normal
UNIT-11593,LINE-A,844.47,144.73,50.81,33.89,1.8,42.16,16.45,0.31,normal
UNIT-12556,LINE-B,846.63,147.47,33.62,23.52,2.19,85.65,16.49,0.37,rust
UNIT-11135,LINE-A,903.27,191.11,50.17,34.35,1.37,44.91,14.79,2.3,hole
UNIT-13329,LINE-B,826.56,149.09,62.61,13.86,4.92,52.46,16.44,0.45,scratch
UNIT-11259,LINE-B,874.87,202.53,48.97,31.25,1.4,38.83,18.0,1.9,hole
UNIT-11868,LINE-B,851.94,153.6,48.66,32.4,2.2,41.91,15.44,0.33,normal
UNIT-10945,LINE-B,880.06,181.97,53.54,34.41,1.38,42.27,17.62,2.08,hole
UNIT-10200,LINE-A,909.18,168.67,50.86,31.9,1.61,40.97,31.7,1.38,crack
UNIT-12671,LINE-A,831.21,149.18,28.76,21.58,1.48,74.69,15.62,0.51,rust
UNIT-11254,LINE-B,875.83,185.58,49.52,32.57,1.63,38.47,16.55,2.31,hole
UNIT-10802,LINE-B,878.02,193.94,49.74,33.01,1.54,44.99,16.37,2.46,hole
UNIT-12113,LINE-C,844.11,143.2,26.34,11.49,1.75,70.55,18.69,0.44,rust
UNIT-11375,LINE-C,904.45,188.07,48.28,28.16,1.4,44.71,17.15,2.88,hole
UNIT-12766,LINE-B,837.39,156.14,31.36,14.25,1.51,65.55,16.5,0.39,rust
UNIT-10232,LINE-B,935.93,178.89,50.63,33.64,1.59,45.82,32.4,2.2,crack
UNIT-11107,LINE-A,853.41,189.68,45.06,29.71,1.69,44.36,17.49,1.74,hole
UNIT-11792,LINE-B,846.94,152.48,50.27,32.94,1.49,44.08,16.8,0.41,normal
UNIT-11873,LINE-A,851.98,153.54,45.9,31.77,1.82,52.91,16.49,0.32,normal
UNIT-11910,LINE-A,850.77,150.44,48.92,33.14,1.92,45.19,18.03,0.48,normal
UNIT-12727,LINE-B,848.91,145.57,35.23,23.51,1.34,71.05,18.03,0.39,rust
UNIT-11264,LINE-A,889.41,205.51,51.71,33.32,1.92,45.56,17.82,2.16,hole
UNIT-13341,LINE-A,843.18,143.39,66.22,23.51,6.18,37.61,14.98,0.57,scratch
UNIT-11930,LINE-A,831.51,157.37,50.99,33.25,1.5,38.77,18.4,0.55,normal
UNIT-11897,LINE-C,834.46,152.29,50.86,34.05,1.82,44.75,15.77,0.38,normal
UNIT-10105,LINE-C,886.71,194.74,47.07,29.53,1.81,51.79,30.23,1.57,crack
UNIT-12607,LINE-B,832.85,145.69,36.25,14.08,2.17,80.08,17.99,0.67,rust
UNIT-11437,LINE-B,845.12,146.4,52.0,30.0,1.67,44.16,16.1,0.71,normal
UNIT-12933,LINE-A,853.62,142.05,64.31,13.42,6.65,42.64,20.63,0.64,scratch
UNIT-12896,LINE-C,844.61,157.3,60.84,18.69,6.38,47.57,16.87,0.42,scratch
UNIT-11508,LINE-C,831.79,150.12,46.66,31.75,2.09,47.29,15.62,0.49,normal
UNIT-11269,LINE-C,873.68,196.86,53.02,32.02,1.7,47.99,17.0,2.41,hole
UNIT-11182,LINE-B,907.83,200.55,48.23,27.29,1.69,35.05,17.49,2.51,hole
UNIT-12684,LINE-A,838.22,154.23,39.26,16.8,1.4,86.34,17.48,0.65,rust
UNIT-12115,LINE-C,834.71,153.37,30.15,16.06,1.87,74.24,17.03,0.72,rust
UNIT-11098,LINE-A,878.82,190.41,45.49,34.0,1.48,48.06,17.97,1.66,hole
UNIT-11404,LINE-A,843.58,147.97,49.59,31.28,2.06,49.05,15.14,0.42,normal
UNIT-12596,LINE-C,832.99,145.51,38.44,20.03,1.79,79.8,15.75,0.64,rust
UNIT-11492,LINE-C,839.46,145.84,52.2,33.13,1.45,39.83,15.02,0.65,normal
UNIT-13417,LINE-A,848.33,151.87,63.98,20.34,5.58,45.72,16.23,0.53,scratch
UNIT-11768,LINE-B,842.66,150.51,45.8,33.5,1.26,42.33,18.44,0.65,normal
UNIT-11279,LINE-A,878.78,189.62,54.38,29.53,1.89,42.1,15.63,3.12,hole
UNIT-12948,LINE-A,832.45,162.81,68.34,16.88,5.03,41.6,17.95,0.49,scratch
UNIT-10995,LINE-B,887.07,193.43,47.51,31.55,1.21,42.63,14.29,2.51,hole
UNIT-10465,LINE-B,904.72,181.68,49.93,32.24,1.73,40.32,30.43,1.17,crack
UNIT-13254,LINE-B,840.81,153.17,68.83,16.11,5.66,46.72,15.64,0.41,scratch
UNIT-13104,LINE-A,838.63,157.92,63.79,22.78,4.3,48.48,19.22,0.68,scratch
UNIT-12819,LINE-B,846.34,155.24,66.97,15.4,5.91,47.85,16.9,0.58,scratch
UNIT-11761,LINE-B,848.48,153.62,47.93,34.49,1.36,41.51,16.27,0.22,normal
UNIT-12120,LINE-B,835.14,144.13,33.54,11.34,1.47,79.53,14.0,0.64,rust
UNIT-13294,LINE-B,837.99,149.78,64.72,16.38,5.96,40.67,17.55,0.33,scratch
UNIT-10213,LINE-A,885.47,182.76,50.26,28.95,1.17,46.4,26.98,1.75,crack
UNIT-11037,LINE-C,892.27,175.52,51.27,29.43,1.89,47.85,17.52,2.19,hole
UNIT-13389,LINE-C,836.83,148.12,60.52,18.84,4.47,45.29,18.34,0.72,scratch
UNIT-10901,LINE-A,882.63,201.23,50.23,33.51,1.42,48.32,16.79,3.06,hole
UNIT-11293,LINE-A,867.39,190.91,51.36,32.36,1.61,48.72,15.91,3.0,hole
UNIT-11299,LINE-B,879.82,187.7,48.38,31.65,1.8,47.31,16.67,1.99,hole
UNIT-10742,LINE-B,888.39,196.75,46.93,33.9,1.97,50.47,16.4,1.8,hole
UNIT-13080,LINE-B,839.79,145.59,70.1,22.96,4.24,42.38,14.58,0.34,scratch
UNIT-12722,LINE-B,838.9,149.16,32.53,14.27,1.47,70.46,17.79,0.47,rust
UNIT-12403,LINE-A,843.92,152.02,40.85,16.55,1.3,84.51,15.82,0.53,rust
UNIT-10510,LINE-B,883.94,178.35,54.27,30.46,1.22,40.42,23.31,2.21,crack
UNIT-10598,LINE-A,877.54,180.53,53.29,30.1,1.92,42.27,36.09,1.3,crack
UNIT-12629,LINE-B,844.34,146.07,37.58,19.22,1.72,69.55,15.25,0.72,rust
UNIT-10982,LINE-A,873.91,202.36,50.18,34.16,1.66,42.9,16.29,2.79,hole
UNIT-12767,LINE-A,835.36,150.81,36.37,17.43,1.37,72.03,14.52,0.8,rust
UNIT-13084,LINE-B,844.38,147.09,64.82,13.99,5.47,40.12,17.53,0.53,scratch
UNIT-10519,LINE-B,891.23,172.32,55.6,30.12,1.32,50.11,25.96,2.24,crack
UNIT-11158,LINE-A,888.37,188.05,47.74,34.66,1.25,43.43,15.68,1.8,hole
UNIT-10768,LINE-C,880.9,184.27,47.64,31.98,1.35,47.74,15.73,2.7,hole
UNIT-12329,LINE-A,823.39,148.63,30.14,17.4,1.62,69.99,13.61,0.38,rust
UNIT-13216,LINE-A,831.3,142.36,63.77,14.3,4.18,48.55,16.7,0.5,scratch
UNIT-10124,LINE-A,923.54,177.21,49.7,32.84,1.33,42.25,29.77,1.91,crack
UNIT-11621,LINE-A,842.7,149.66,53.33,33.02,2.07,34.16,19.6,0.41,normal
UNIT-11745,LINE-B,842.76,151.43,45.45,34.28,1.2,48.15,16.89,0.26,normal
UNIT-10820,LINE-B,875.2,191.14,47.11,29.43,1.47,52.25,16.4,1.84,hole
UNIT-10101,LINE-B,910.38,165.41,49.31,33.5,1.82,41.2,32.88,1.76,crack
UNIT-13081,LINE-B,851.07,158.02,66.78,17.56,5.74,41.75,17.38,0.48,scratch
UNIT-13236,LINE-C,851.35,156.57,59.78,12.23,5.4,43.59,18.42,0.42,scratch
UNIT-12678,LINE-A,824.24,151.69,37.78,18.41,1.9,78.28,14.54,0.57,rust
UNIT-13062,LINE-A,843.13,145.2,58.28,14.96,3.77,39.12,18.15,0.73,scratch
UNIT-11104,LINE-A,908.0,199.09,52.59,34.31,1.14,37.74,15.99,1.75,hole
UNIT-11284,LINE-A,884.78,187.22,49.53,30.31,1.57,46.66,17.92,3.21,hole
UNIT-12592,LINE-C,852.48,156.18,32.63,15.74,1.32,75.99,18.31,0.47,rust
UNIT-12804,LINE-B,846.46,153.52,64.53,20.39,6.16,40.39,16.98,0.51,scratch
UNIT-12583,LINE-A,848.99,151.34,32.19,12.16,1.47,68.24,18.33,0.65,rust
UNIT-12418,LINE-C,843.38,157.27,31.43,20.17,0.99,80.58,17.12,0.25,rust
UNIT-12714,LINE-A,838.52,148.6,36.09,17.63,1.65,68.31,17.49,0.48,rust
UNIT-10983,LINE-C,869.6,190.25,47.29,33.11,1.38,42.4,15.13,2.92,hole
UNIT-10457,LINE-A,928.89,175.04,43.49,30.95,1.39,40.18,30.53,2.05,crack
UNIT-12615,LINE-B,845.09,150.75,35.39,13.16,1.48,75.55,14.82,0.5,rust
UNIT-12496,LINE-A,822.11,150.23,34.42,12.12,1.77,81.85,16.52,0.14,rust
UNIT-10382,LINE-B,909.17,163.84,47.49,32.72,1.44,46.62,24.47,2.45,crack
UNIT-13264,LINE-B,842.73,139.95,63.96,16.57,5.23,46.61,17.81,0.52,scratch
UNIT-12813,LINE-A,840.92,159.06,65.5,15.3,3.78,49.64,16.81,0.46,scratch
UNIT-12150,LINE-B,840.33,153.95,32.88,17.74,1.12,70.35,16.42,0.5,rust
UNIT-11011,LINE-B,864.23,197.23,54.78,33.33,1.59,42.18,18.62,1.82,hole
UNIT-11238,LINE-C,884.94,188.1,52.89,31.84,1.42,44.28,13.82,2.66,hole
UNIT-11919,LINE-A,837.81,147.63,53.02,32.83,2.34,46.14,17.83,0.54,normal
UNIT-10663,LINE-C,883.87,165.98,50.1,27.82,1.49,43.04,32.97,1.9,crack
UNIT-11314,LINE-C,885.3,196.51,48.31,34.43,2.02,40.77,21.2,2.71,hole
UNIT-13173,LINE-B,838.98,149.13,67.67,21.35,6.37,47.17,15.86,0.38,scratch
UNIT-11393,LINE-B,869.39,175.09,48.14,31.96,0.79,41.94,18.38,2.17,hole
UNIT-11948,LINE-A,836.57,144.63,54.81,33.58,1.96,39.11,17.27,0.58,normal
UNIT-12750,LINE-A,826.32,150.2,32.15,19.78,1.44,85.03,13.88,0.55,rust
UNIT-12673,LINE-C,848.98,149.63,34.03,9.21,1.41,61.98,18.56,0.3,rust
UNIT-11834,LINE-A,826.05,153.55,45.23,30.42,2.07,47.33,16.18,0.42,normal
UNIT-10846,LINE-A,867.8,191.86,49.49,34.83,1.32,42.14,17.72,1.71,hole
UNIT-10543,LINE-B,900.81,169.42,49.62,31.31,1.5,42.63,27.52,1.6,crack
UNIT-12928,LINE-C,850.26,148.25,67.81,17.26,4.63,37.73,18.58,0.15,scratch
UNIT-12245,LINE-A,837.07,157.81,36.08,10.86,1.97,70.53,13.9,0.35,rust
UNIT-12842,LINE-B,836.91,144.19,63.11,22.37,6.53,44.4,15.71,0.29,scratch
UNIT-11103,LINE-A,875.55,203.43,47.15,33.81,1.24,52.47,14.61,2.86,hole
UNIT-12477,LINE-B,850.94,155.71,32.65,18.73,1.75,64.21,19.17,0.42,rust
UNIT-11367,LINE-C,885.85,182.6,49.69,31.57,1.76,41.51,18.53,2.25,hole
UNIT-11713,LINE-B,846.73,140.97,50.09,31.24,1.75,53.63,13.41,0.56,normal
UNIT-11423,LINE-A,857.03,150.73,48.16,32.22,1.55,44.14,17.73,0.47,normal
UNIT-12187,LINE-C,849.79,146.93,34.28,12.19,1.44,80.69,15.34,0.41,rust
UNIT-11379,LINE-A,891.04,172.69,48.76,33.88,1.34,40.18,16.78,2.79,hole
UNIT-11049,LINE-B,881.11,183.99,47.52,30.33,1.46,46.03,18.13,2.54,hole
UNIT-12497,LINE-A,829.99,151.85,37.53,13.16,1.74,79.01,17.3,0.38,rust
UNIT-12248,LINE-A,844.45,150.01,36.06,15.93,1.86,76.01,18.46,0.42,rust
UNIT-11790,LINE-A,840.94,146.96,50.18,34.01,1.66,44.91,15.94,0.8,normal
UNIT-11878,LINE-C,831.83,145.92,48.95,34.0,1.96,42.83,16.62,0.39,normal
UNIT-10238,LINE-B,896.66,166.33,54.76,35.25,2.27,43.36,32.06,1.56,crack
UNIT-11491,LINE-A,831.44,153.29,49.1,27.57,2.09,48.05,13.98,0.61,normal
UNIT-11661,LINE-B,831.71,156.39,50.02,30.51,1.59,43.75,17.84,0.19,normal
UNIT-11134,LINE-C,875.64,192.99,48.91,28.5,1.27,40.37,14.05,2.59,hole
UNIT-12294,LINE-B,845.01,152.99,34.7,18.76,1.71,88.85,17.15,0.59,rust
UNIT-12404,LINE-C,845.36,155.04,31.69,15.96,1.66,88.7,14.09,0.79,rust
UNIT-10164,LINE-C,922.26,183.37,51.3,33.29,1.77,44.36,29.1,2.15,crack
UNIT-11430,LINE-C,842.48,150.68,47.19,29.51,1.58,44.32,17.02,0.6,normal
UNIT-10253,LINE-A,900.29,178.58,47.3,30.73,1.58,40.59,30.66,2.08,crack
UNIT-13102,LINE-B,835.97,146.25,59.4,13.85,4.38,41.14,15.93,0.44,scratch
UNIT-12096,LINE-A,845.14,141.63,48.86,34.17,1.47,35.54,18.92,0.61,normal
UNIT-10931,LINE-C,860.75,202.88,50.13,32.42,1.77,40.07,16.39,2.12,hole
UNIT-11744,LINE-C,843.71,148.22,51.44,30.66,2.02,48.0,17.45,0.47,normal
UNIT-12453,LINE-B,835.84,146.3,30.2,13.99,1.12,76.81,16.11,0.58,rust
UNIT-11616,LINE-A,840.4,156.31,52.31,31.84,2.12,41.72,14.12,0.17,normal
UNIT-11377,LINE-A,901.03,194.44,50.64,33.49,1.39,41.25,16.24,2.47,hole
UNIT-11666,LINE-B,839.64,148.06,48.82,32.64,1.05,43.08,20.48,0.34,normal
UNIT-11877,LINE-A,846.18,141.87,50.01,32.23,1.51,49.54,15.17,0.43,normal
UNIT-11874,LINE-A,844.26,151.6,51.13,32.53,1.58,41.35,17.77,0.73,normal
UNIT-11091,LINE-A,895.65,201.21,49.68,31.28,1.34,43.25,16.29,3.16,hole
UNIT-12796,LINE-A,839.04,146.57,36.86,15.32,0.86,83.19,17.91,0.58,rust
UNIT-10594,LINE-A,909.37,177.03,53.84,33.2,1.39,44.47,26.15,1.62,crack
UNIT-10678,LINE-B,887.76,173.89,48.68,33.56,1.16,44.94,31.69,2.0,crack
UNIT-10042,LINE-A,915.08,175.08,49.98,34.96,1.62,40.55,28.56,1.62,crack
UNIT-12478,LINE-B,835.15,142.27,30.73,11.79,1.48,70.93,15.37,0.45,rust
UNIT-11400,LINE-A,886.78,192.88,50.17,31.95,1.33,50.35,17.37,2.13,hole
UNIT-12468,LINE-B,843.87,147.81,41.22,13.53,1.01,74.56,19.9,0.65,rust
UNIT-10244,LINE-A,912.98,182.1,46.21,33.5,1.48,39.48,25.58,1.57,crack
UNIT-11125,LINE-B,916.3,195.94,52.39,32.74,1.6,47.41,18.87,2.4,hole
UNIT-12442,LINE-C,832.41,147.68,39.43,12.21,1.8,74.28,18.87,0.51,rust
UNIT-11424,LINE-A,848.13,142.66,50.02,35.22,1.53,47.72,17.74,0.64,normal
UNIT-11214,LINE-A,887.24,182.01,51.48,27.73,1.74,45.64,14.93,1.47,hole
UNIT-10262,LINE-A,890.92,184.76,48.79,30.78,1.75,42.57,25.18,1.68,crack
UNIT-11236,LINE-C,891.37,191.95,48.04,28.67,1.45,43.07,17.12,2.66,hole
UNIT-10835,LINE-A,905.38,192.87,54.91,32.67,1.86,45.24,19.11,2.65,hole
UNIT-12705,LINE-B,834.46,143.42,33.5,19.74,1.97,82.77,18.66,0.71,rust
UNIT-12546,LINE-A,840.07,148.7,37.02,13.25,1.82,75.45,16.98,0.42,rust
UNIT-11953,LINE-A,832.28,154.88,52.15,32.05,1.98,46.36,15.33,0.45,normal
UNIT-11403,LINE-A,842.84,149.59,52.23,31.28,1.52,41.33,16.32,0.48,normal
UNIT-10341,LINE-C,929.28,174.43,50.59,30.92,1.64,46.84,29.4,1.73,crack
UNIT-11456,LINE-A,843.28,150.05,49.23,30.18,2.07,40.65,17.38,0.43,normal
UNIT-10749,LINE-A,866.59,172.88,51.74,35.29,1.77,36.45,16.96,2.52,hole
UNIT-12991,LINE-B,848.76,150.43,69.38,21.94,4.43,39.65,17.17,0.49,scratch
UNIT-10481,LINE-B,915.21,163.62,51.42,29.93,1.5,34.38,29.36,1.45,crack
UNIT-11289,LINE-A,892.06,195.76,48.01,34.89,1.47,38.19,17.29,2.28,hole
UNIT-11861,LINE-B,840.73,159.66,50.72,29.82,1.7,46.82,16.49,0.62,normal
UNIT-11566,LINE-A,834.68,142.29,49.54,32.21,1.98,47.75,18.83,0.61,normal
UNIT-10784,LINE-A,886.52,190.35,49.69,29.33,1.5,45.79,15.34,1.92,hole
UNIT-13431,LINE-A,834.99,157.9,59.81,20.54,5.48,43.83,16.41,0.45,scratch
UNIT-11451,LINE-C,846.49,154.69,52.59,32.54,1.19,45.62,17.4,0.42,normal
UNIT-12303,LINE-A,841.37,149.18,33.83,16.78,1.64,81.66,17.5,0.42,rust
UNIT-13230,LINE-A,851.35,145.75,73.98,24.34,5.81,40.28,17.18,0.18,scratch
UNIT-12491,LINE-C,849.13,150.1,32.67,19.09,1.44,65.93,18.21,0.37,rust
UNIT-12195,LINE-B,834.72,150.05,37.82,9.42,1.75,75.89,18.32,0.49,rust
UNIT-12003,LINE-B,840.92,147.6,53.74,32.25,0.91,45.47,14.08,0.57,normal
UNIT-12427,LINE-A,850.72,154.78,43.2,18.01,1.99,77.02,16.72,0.56,rust
UNIT-12316,LINE-A,848.38,148.68,41.16,7.97,0.89,69.82,16.37,0.83,rust
UNIT-13136,LINE-C,841.57,152.27,69.23,16.78,4.64,39.9,14.94,0.51,scratch
UNIT-11804,LINE-B,839.02,156.05,49.77,34.99,1.76,34.59,18.77,0.64,normal
UNIT-11559,LINE-A,833.27,154.88,45.37,29.44,1.73,46.17,14.62,0.59,normal
UNIT-11128,LINE-B,884.96,199.18,50.73,33.55,1.71,50.87,19.34,2.06,hole
UNIT-10627,LINE-B,901.27,181.02,50.07,33.79,1.44,35.34,35.24,2.33,crack
UNIT-10348,LINE-C,919.81,190.45,50.95,32.62,1.14,33.48,26.41,1.66,crack
UNIT-12242,LINE-A,853.54,155.89,31.2,12.37,1.59,79.33,15.53,0.3,rust
UNIT-12985,LINE-B,848.09,153.92,61.98,19.38,4.04,55.03,17.23,0.46,scratch
UNIT-10980,LINE-A,875.26,203.25,49.42,35.81,1.75,47.7,15.43,2.9,hole
UNIT-13017,LINE-B,849.65,149.87,64.88,20.46,5.87,40.75,17.06,0.64,scratch
UNIT-11514,LINE-C,834.26,153.3,47.78,31.96,1.8,45.85,15.99,0.68,normal
UNIT-10912,LINE-B,874.4,198.75,46.81,31.09,1.79,38.29,16.55,2.57,hole
UNIT-12197,LINE-C,837.3,143.75,38.76,15.51,1.38,79.9,15.54,0.58,rust
UNIT-10633,LINE-A,883.35,173.09,53.48,34.63,2.18,44.19,33.68,1.6,crack
UNIT-12674,LINE-C,829.42,148.34,42.22,17.27,1.95,90.09,17.21,0.39,rust
UNIT-10446,LINE-A,921.94,168.46,46.22,31.56,1.54,46.16,25.37,2.05,crack
UNIT-10618,LINE-C,893.25,180.97,52.65,30.89,1.91,47.06,29.7,2.2,crack
UNIT-13086,LINE-C,839.55,149.47,68.68,19.82,6.21,36.94,13.88,0.47,scratch
UNIT-11476,LINE-B,830.95,145.77,46.55,31.53,1.67,42.14,16.19,0.52,normal
UNIT-12054,LINE-A,829.28,149.39,45.68,35.2,1.72,44.55,19.21,0.52,normal
UNIT-12383,LINE-A,834.73,148.12,37.35,11.04,1.79,73.49,14.01,0.45,rust
UNIT-13369,LINE-B,846.15,140.39,72.62,20.62,4.75,46.23,17.27,0.63,scratch
UNIT-12111,LINE-C,844.41,155.44,33.34,16.43,1.73,90.54,17.07,0.43,rust
UNIT-11724,LINE-B,835.0,150.77,46.17,28.52,1.8,36.28,15.53,0.23,normal
UNIT-10354,LINE-C,888.82,184.86,54.64,31.04,1.7,36.78,31.19,1.82,crack
UNIT-11233,LINE-A,865.51,202.63,52.4,32.99,1.52,45.14,19.61,2.7,hole
UNIT-10614,LINE-B,907.57,165.94,48.87,30.49,1.67,36.21,26.68,1.98,crack
UNIT-12019,LINE-C,835.14,152.88,49.52,32.9,1.88,46.24,17.5,0.53,normal
UNIT-11339,LINE-B,891.08,187.77,51.54,32.61,1.71,44.42,17.42,1.98,hole
UNIT-12058,LINE-B,844.66,149.37,47.55,30.89,2.03,39.45,17.7,0.53,normal
UNIT-11847,LINE-A,850.32,138.47,48.99,28.71,1.6,52.97,17.34,0.47,normal
UNIT-12224,LINE-A,849.84,146.73,28.94,17.39,1.75,80.05,17.46,0.62,rust
UNIT-10058,LINE-A,892.46,185.8,51.8,29.74,1.44,45.96,25.6,2.23,crack
UNIT-13450,LINE-A,840.38,155.06,61.69,21.99,4.69,43.97,15.64,0.37,scratch
UNIT-12029,LINE-A,832.01,145.91,52.95,30.15,1.7,48.96,15.23,0.33,normal
UNIT-12568,LINE-B,845.59,157.24,31.91,15.22,1.86,78.59,17.93,0.36,rust
UNIT-12922,LINE-A,838.71,146.04,70.75,12.36,6.01,43.88,17.93,0.46,scratch
UNIT-12424,LINE-B,845.79,152.42,39.28,17.65,1.92,66.35,18.07,0.46,rust
UNIT-12507,LINE-A,827.37,142.66,39.12,16.27,1.71,83.57,16.72,0.62,rust
UNIT-12604,LINE-B,853.79,148.47,30.87,15.91,1.27,78.4,14.67,0.37,rust
UNIT-13287,LINE-B,845.73,148.72,70.72,17.77,4.44,40.82,17.11,0.61,scratch
UNIT-12290,LINE-A,847.09,151.54,41.22,13.75,1.69,69.23,16.97,0.43,rust
UNIT-11422,LINE-C,838.37,153.58,42.67,34.67,1.71,46.87,16.38,0.24,normal
UNIT-10561,LINE-C,927.85,174.11,46.87,32.42,1.38,36.89,24.87,0.96,crack
UNIT-10708,LINE-B,865.9,179.98,46.93,31.58,2.13,48.99,20.06,2.49,hole
UNIT-12255,LINE-B,852.91,155.98,36.21,15.43,1.34,72.15,14.13,0.7,rust
UNIT-10425,LINE-A,898.63,187.01,50.32,28.03,1.88,42.44,26.95,1.95,crack
UNIT-11094,LINE-C,873.08,196.02,47.18,30.51,1.6,47.6,15.55,2.47,hole
UNIT-10648,LINE-C,897.56,167.89,46.79,28.77,1.71,44.67,29.43,1.16,crack
UNIT-10073,LINE-B,890.66,176.27,51.74,29.88,0.56,40.52,33.59,1.47,crack
UNIT-12178,LINE-A,830.57,146.94,28.88,15.75,1.44,91.04,15.54,0.54,rust
UNIT-11468,LINE-B,822.82,154.99,46.24,32.21,1.7,45.31,16.58,0.54,normal
UNIT-11341,LINE-A,866.02,182.57,44.92,32.43,1.37,44.93,14.83,2.54,hole
UNIT-11006,LINE-A,894.81,199.95,49.1,33.4,1.55,52.63,19.13,1.56,hole
UNIT-10621,LINE-B,930.36,165.03,52.46,31.53,1.8,37.14,35.07,1.32,crack
UNIT-11941,LINE-C,827.17,148.13,50.89,30.32,1.08,41.03,16.15,0.22,normal
UNIT-11656,LINE-B,843.22,149.4,49.61,33.87,1.74,44.29,16.95,0.55,normal
UNIT-10554,LINE-C,909.01,173.66,47.98,32.38,1.36,44.81,30.52,2.39,crack
UNIT-12228,LINE-A,847.01,148.17,31.97,10.43,1.54,87.94,17.44,0.4,rust
UNIT-12654,LINE-C,838.0,145.27,35.05,17.15,1.7,83.94,18.24,0.67,rust
UNIT-13192,LINE-A,843.27,153.35,72.68,21.15,5.41,44.75,13.14,0.28,scratch
UNIT-11926,LINE-A,849.82,143.19,50.19,31.25,1.89,39.13,17.65,0.4,normal
UNIT-10999,LINE-B,884.87,205.39,50.45,31.81,1.28,43.52,15.45,2.4,hole
UNIT-11689,LINE-A,851.96,142.16,52.28,35.66,1.55,42.43,17.12,0.33,normal
UNIT-11981,LINE-B,855.25,138.9,51.05,32.25,1.84,45.29,20.1,0.64,normal
UNIT-11607,LINE-C,843.14,152.8,50.37,28.76,1.42,40.62,19.6,0.52,normal
UNIT-13204,LINE-B,833.46,148.7,56.07,10.72,6.85,43.4,15.36,0.24,scratch
UNIT-13481,LINE-A,853.11,151.3,61.97,16.15,4.68,47.68,16.32,0.35,scratch
UNIT-12753,LINE-C,845.27,146.93,37.9,15.3,1.8,85.46,20.2,0.56,rust
UNIT-12420,LINE-A,833.12,159.14,31.33,14.22,1.61,65.4,17.64,0.47,rust
UNIT-10441,LINE-A,891.6,177.92,48.63,30.65,1.14,41.99,29.5,1.46,crack
UNIT-10509,LINE-A,940.46,185.64,47.73,31.92,1.83,47.3,24.04,1.24,crack
UNIT-11101,LINE-B,897.35,186.89,49.19,34.75,1.91,43.5,16.62,2.4,hole
UNIT-10590,LINE-B,894.96,182.5,50.73,32.06,1.86,46.93,29.37,2.16,crack
UNIT-12942,LINE-A,830.63,153.5,65.09,14.85,6.74,46.63,18.57,0.61,scratch
UNIT-10650,LINE-B,939.21,178.39,51.82,34.78,1.61,45.27,33.18,1.54,crack
UNIT-13191,LINE-B,836.47,150.65,65.99,15.52,3.51,43.09,18.0,0.3,scratch
UNIT-12043,LINE-A,843.73,146.12,52.28,34.73,2.21,42.95,17.29,0.54,normal
UNIT-13376,LINE-C,841.98,144.16,64.68,11.6,4.95,41.41,19.27,0.32,scratch
UNIT-12891,LINE-B,838.67,151.37,66.44,21.71,4.17,42.31,16.12,0.4,scratch
UNIT-11652,LINE-B,845.48,152.77,49.68,33.55,1.69,51.22,16.85,0.7,normal
UNIT-10661,LINE-A,908.04,186.58,45.26,33.26,1.54,49.29,25.75,1.88,crack
UNIT-10631,LINE-B,904.94,175.81,45.94,30.09,1.78,44.61,33.09,2.32,crack
UNIT-11732,LINE-A,836.96,150.58,50.44,31.3,1.62,42.5,16.43,0.66,normal
UNIT-12016,LINE-B,854.05,152.44,47.62,33.56,1.43,45.2,17.31,0.76,normal
UNIT-11351,LINE-A,877.54,190.27,49.3,33.41,1.9,36.63,16.74,2.95,hole
UNIT-10483,LINE-C,905.44,186.53,46.89,31.95,0.92,43.16,26.39,1.2,crack
UNIT-13429,LINE-B,842.54,149.92,70.24,15.67,4.78,43.72,16.9,0.44,scratch
UNIT-12990,LINE-B,839.6,147.13,68.67,8.7,6.11,47.92,19.09,0.45,scratch
UNIT-11510,LINE-A,850.45,155.04,49.4,32.55,1.97,47.39,14.81,0.54,normal
UNIT-12444,LINE-B,844.37,139.85,44.06,16.19,1.91,89.8,16.94,0.38,rust
UNIT-12270,LINE-A,845.53,144.62,34.47,11.56,1.66,78.86,18.93,0.33,rust
UNIT-12088,LINE-A,833.01,148.11,46.58,32.01,1.67,39.98,19.91,0.51,normal
UNIT-10857,LINE-A,860.28,192.96,52.46,31.53,0.98,45.37,17.9,2.22,hole
UNIT-11226,LINE-A,895.67,185.34,49.97,32.36,1.59,51.17,14.08,1.96,hole
UNIT-11191,LINE-A,889.79,204.88,50.99,28.96,1.48,45.81,16.54,1.83,hole
UNIT-11808,LINE-B,847.63,147.04,50.87,32.14,2.06,43.5,16.98,0.74,normal
UNIT-10531,LINE-B,891.34,186.0,51.01,32.91,1.17,42.11,32.04,1.47,crack
UNIT-12349,LINE-C,856.31,153.24,33.13,7.66,1.66,71.42,17.66,0.6,rust
UNIT-10050,LINE-B,893.43,162.96,52.08,30.29,1.62,42.09,33.93,2.17,crack
UNIT-12777,LINE-B,836.49,151.58,32.32,8.26,1.56,75.36,14.67,0.53,rust
UNIT-10859,LINE-A,883.94,184.5,51.39,35.97,1.8,40.98,17.36,2.05,hole
UNIT-12227,LINE-B,847.06,147.78,39.04,14.11,1.99,67.83,21.67,0.58,rust
UNIT-11073,LINE-B,899.19,175.96,55.85,33.38,1.73,43.61,18.02,2.46,hole
UNIT-10720,LINE-A,868.7,185.69,50.4,35.27,1.42,43.28,18.89,3.15,hole
UNIT-11625,LINE-A,848.39,151.78,54.2,31.4,1.45,41.06,16.21,0.29,normal
UNIT-13392,LINE-A,840.34,148.16,63.01,17.39,4.48,52.78,17.94,0.34,scratch
UNIT-12631,LINE-B,858.01,148.78,32.65,20.72,1.86,70.84,13.99,0.6,rust
UNIT-12289,LINE-C,851.29,143.59,37.1,16.41,1.55,90.23,16.24,0.7,rust
UNIT-12015,LINE-A,854.24,148.49,49.58,35.6,1.45,44.1,15.45,0.3,normal
UNIT-12494,LINE-A,843.64,157.34,38.24,8.85,1.6,83.95,13.82,0.5,rust
UNIT-11779,LINE-B,837.47,149.29,50.3,31.94,1.64,40.26,16.51,0.46,normal
UNIT-12610,LINE-A,851.78,152.14,32.05,17.75,1.3,73.26,17.68,0.43,rust
UNIT-11455,LINE-C,836.29,147.65,51.13,30.95,1.11,44.98,16.62,0.39,normal
UNIT-12586,LINE-A,842.0,161.08,31.83,17.83,1.47,85.63,16.8,0.45,rust
UNIT-13156,LINE-C,838.26,154.12,71.78,23.64,6.55,42.51,14.35,0.47,scratch
UNIT-12414,LINE-B,837.2,159.19,35.24,18.31,1.33,77.34,16.26,0.79,rust
UNIT-12211,LINE-C,843.47,143.05,35.02,11.59,2.1,83.27,16.12,0.23,rust
UNIT-11371,LINE-A,891.62,205.21,47.14,34.95,1.65,49.54,17.2,1.75,hole
UNIT-12299,LINE-B,827.22,148.4,31.85,14.94,1.68,81.12,17.75,0.43,rust
UNIT-12508,LINE-A,831.41,141.72,35.56,15.85,1.3,79.59,16.99,0.44,rust
UNIT-11196,LINE-A,860.88,194.75,52.08,32.45,1.32,41.68,17.75,2.02,hole
UNIT-11578,LINE-B,836.75,152.5,51.23,32.66,1.46,39.89,17.75,0.24,normal
UNIT-13067,LINE-A,841.25,154.98,60.84,17.39,6.35,48.92,16.67,0.47,scratch
UNIT-13370,LINE-C,825.59,159.8,65.37,14.8,4.12,44.83,15.73,0.66,scratch
UNIT-10298,LINE-A,884.47,158.99,50.87,37.02,1.05,43.87,30.68,1.87,crack
UNIT-11643,LINE-A,837.88,136.85,49.55,29.5,2.53,48.23,17.11,0.7,normal
UNIT-11265,LINE-A,874.28,197.43,55.65,33.63,1.57,45.06,16.97,2.02,hole
UNIT-13177,LINE-B,850.18,146.27,56.97,21.65,4.14,45.56,16.15,0.46,scratch
UNIT-10959,LINE-C,898.83,196.09,50.68,31.96,1.72,45.24,18.5,3.02,hole
UNIT-12883,LINE-A,843.03,149.53,64.37,20.43,6.41,37.95,15.1,0.4,scratch
UNIT-12518,LINE-A,827.77,148.75,31.91,11.56,1.13,63.06,16.22,0.56,rust
UNIT-11503,LINE-B,833.26,147.78,48.25,29.72,1.63,42.45,15.67,0.52,normal
UNIT-12118,LINE-B,835.72,153.77,33.19,13.07,1.74,73.37,18.06,0.59,rust
UNIT-11287,LINE-A,864.43,182.53,53.73,29.67,1.87,45.54,16.68,2.04,hole
UNIT-10350,LINE-A,937.3,165.02,46.14,31.68,1.45,40.14,29.59,2.24,crack
UNIT-11965,LINE-B,836.49,159.21,47.36,32.38,1.09,40.26,16.68,0.54,normal
UNIT-10644,LINE-B,891.16,178.95,47.9,30.52,1.54,29.6,31.13,1.52,crack
UNIT-12952,LINE-C,834.38,147.41,51.12,11.04,5.64,34.19,16.38,0.46,scratch
UNIT-13262,LINE-B,849.48,147.42,70.59,17.97,6.22,45.01,17.21,0.49,scratch
UNIT-10670,LINE-B,911.94,180.67,50.55,31.3,1.7,46.32,33.63,1.38,crack
UNIT-12587,LINE-A,841.49,146.38,40.35,10.36,1.75,89.39,16.8,0.34,rust
UNIT-12868,LINE-A,850.05,153.33,63.99,12.93,6.0,45.08,19.15,0.37,scratch
UNIT-11949,LINE-A,849.75,161.59,49.11,33.75,2.16,38.21,19.7,0.53,normal
UNIT-11180,LINE-A,882.05,196.04,50.46,30.58,1.62,52.04,15.65,1.96,hole
UNIT-12931,LINE-A,846.85,153.17,61.61,13.64,5.68,50.31,20.04,0.67,scratch
UNIT-13206,LINE-C,832.46,149.69,61.39,16.76,5.66,42.08,17.81,0.55,scratch
UNIT-12769,LINE-A,851.24,148.46,32.02,20.27,2.03,72.81,20.03,0.24,rust
UNIT-12895,LINE-C,840.81,143.19,67.52,17.89,4.66,40.88,16.49,0.46,scratch
UNIT-12081,LINE-B,835.62,140.0,48.77,30.1,1.79,41.06,16.45,0.18,normal
UNIT-11358,LINE-B,872.54,177.64,47.17,29.42,1.68,45.79,17.12,2.18,hole
UNIT-10787,LINE-B,875.9,183.08,52.32,32.45,1.43,47.86,17.57,2.62,hole
UNIT-13143,LINE-C,841.9,155.08,65.19,12.1,5.02,49.35,20.44,0.46,scratch
UNIT-10141,LINE-A,915.41,177.63,48.59,31.18,1.4,35.88,29.67,1.85,crack
UNIT-10789,LINE-B,866.7,193.78,48.59,31.03,1.51,42.22,17.8,2.31,hole
UNIT-10324,LINE-C,897.73,161.26,49.09,31.7,1.18,46.37,26.89,2.16,crack
UNIT-12378,LINE-A,839.12,142.48,30.11,15.81,1.69,78.63,17.07,0.53,rust
UNIT-10715,LINE-A,901.3,188.41,49.33,30.54,1.52,41.98,18.92,2.45,hole
UNIT-13095,LINE-A,846.68,154.67,65.2,20.53,5.09,46.54,17.62,0.26,scratch
UNIT-12229,LINE-B,828.07,138.12,39.93,9.91,1.09,71.81,15.55,0.38,rust
UNIT-12014,LINE-B,824.72,145.99,51.19,29.36,1.56,45.71,16.72,0.58,normal
UNIT-11619,LINE-A,834.39,148.71,52.64,29.05,1.42,42.42,15.03,0.53,normal
UNIT-12577,LINE-B,852.17,158.72,37.91,14.46,1.56,69.52,15.87,0.52,rust
UNIT-11484,LINE-A,841.49,153.18,50.64,29.4,2.03,49.09,15.11,0.55,normal
UNIT-10619,LINE-A,905.93,178.54,53.01,32.29,1.71,47.6,27.05,2.05,crack
UNIT-10407,LINE-B,903.12,190.94,47.97,31.43,1.69,45.57,31.32,1.6,crack
UNIT-11602,LINE-A,846.77,141.29,52.43,29.19,1.89,42.58,15.15,0.59,normal
UNIT-11624,LINE-A,830.71,155.39,49.35,35.37,1.14,51.05,16.46,0.44,normal
UNIT-13327,LINE-B,841.2,152.07,73.6,21.47,4.39,46.7,15.67,0.4,scratch
UNIT-12878,LINE-B,834.56,149.76,69.93,18.1,4.59,47.24,17.84,0.52,scratch
UNIT-12125,LINE-B,836.0,148.05,24.89,12.23,1.97,72.68,17.6,0.54,rust
UNIT-10498,LINE-B,897.62,171.7,53.07,28.84,1.97,52.93,24.21,1.82,crack
UNIT-13268,LINE-A,836.45,154.91,59.55,16.0,5.78,45.65,18.87,0.59,scratch
UNIT-10343,LINE-B,907.53,164.46,47.07,31.79,1.51,42.55,24.6,1.86,crack
UNIT-12277,LINE-B,838.92,140.5,36.77,11.97,2.0,86.82,17.11,0.51,rust
UNIT-12651,LINE-B,852.66,151.79,29.49,18.82,1.98,69.24,16.42,0.6,rust
UNIT-10783,LINE-A,894.33,198.14,47.05,34.06,2.12,45.98,18.34,3.01,hole
UNIT-11324,LINE-B,858.68,199.92,47.7,32.33,1.73,39.04,18.44,2.45,hole
UNIT-12013,LINE-A,826.48,141.97,49.43,32.63,1.33,45.44,17.17,0.58,normal
UNIT-13451,LINE-A,842.67,153.15,59.65,17.14,4.01,38.27,17.33,0.4,scratch
UNIT-10304,LINE-A,874.11,183.42,54.74,30.1,1.35,47.06,30.52,1.45,crack
UNIT-12860,LINE-A,846.35,144.36,62.96,16.94,4.48,52.36,15.9,0.59,scratch
UNIT-12164,LINE-A,847.97,148.16,31.67,20.35,1.91,90.08,19.03,0.66,rust
UNIT-10665,LINE-B,908.08,174.31,52.27,31.82,1.81,34.02,26.22,1.23,crack
UNIT-11178,LINE-C,880.12,194.8,49.28,27.96,1.12,39.49,16.95,2.58,hole
UNIT-11245,LINE-A,858.75,191.24,45.91,34.71,1.92,42.11,17.39,1.78,hole
UNIT-12979,LINE-C,841.41,149.26,59.05,16.62,6.09,52.83,16.88,0.44,scratch
UNIT-12005,LINE-A,836.67,150.84,52.32,31.12,1.79,48.89,17.59,0.6,normal
UNIT-12437,LINE-A,833.45,157.54,38.2,13.72,1.21,74.17,17.39,0.35,rust
UNIT-12011,LINE-A,835.19,148.09,49.15,34.47,1.66,34.16,17.14,0.35,normal
UNIT-10085,LINE-B,917.9,181.55,51.0,36.37,1.49,44.82,30.04,1.69,crack
UNIT-12590,LINE-C,834.83,147.17,29.68,17.79,1.49,76.32,16.86,0.3,rust
UNIT-10942,LINE-B,871.58,177.64,51.81,30.86,1.23,45.61,14.34,2.21,hole
UNIT-10962,LINE-C,886.06,182.34,51.16,34.51,1.76,38.67,19.08,3.07,hole
UNIT-10842,LINE-A,873.52,190.13,51.93,30.25,1.61,43.1,16.0,2.7,hole
UNIT-11845,LINE-A,832.16,149.67,49.74,29.87,1.83,46.08,14.85,0.9,normal
UNIT-12772,LINE-A,838.72,162.05,33.67,14.38,1.95,83.21,18.06,0.63,rust
UNIT-12213,LINE-A,843.58,144.48,33.94,16.56,1.59,71.49,17.04,0.37,rust
UNIT-12429,LINE-A,835.38,148.26,32.62,12.23,1.64,79.52,15.65,0.52,rust
UNIT-12564,LINE-B,846.0,159.24,37.24,12.4,0.94,87.15,17.46,0.48,rust
UNIT-10291,LINE-B,891.97,168.42,51.37,32.14,2.23,46.39,25.97,1.37,crack
UNIT-12419,LINE-B,819.23,155.35,34.8,11.99,2.02,79.62,15.0,0.52,rust
UNIT-11539,LINE-A,843.72,154.94,49.6,30.73,1.77,37.44,13.78,0.89,normal
UNIT-10605,LINE-A,908.74,181.14,50.35,35.35,1.86,41.07,32.78,1.68,crack
UNIT-13213,LINE-B,846.45,150.77,62.74,19.33,4.63,43.0,16.81,0.43,scratch
UNIT-10917,LINE-C,881.64,197.5,49.11,32.7,1.48,46.53,17.35,1.73,hole
UNIT-11714,LINE-B,844.76,150.93,52.65,32.57,1.62,48.52,18.9,0.29,normal
UNIT-12148,LINE-B,835.47,148.18,41.23,18.83,1.56,73.26,16.84,0.53,rust
UNIT-11100,LINE-B,887.04,195.59,52.7,32.09,1.25,49.22,18.41,2.01,hole
UNIT-11089,LINE-A,877.77,182.33,46.51,29.76,1.41,44.09,16.5,2.68,hole
UNIT-12461,LINE-B,840.25,145.8,30.58,21.42,1.61,72.93,13.71,0.61,rust
UNIT-12950,LINE-C,832.97,156.01,65.08,19.82,4.37,42.77,15.21,0.38,scratch
UNIT-10822,LINE-B,892.33,182.99,50.71,31.41,1.2,40.45,14.54,2.69,hole
UNIT-11770,LINE-B,830.44,150.27,50.16,31.71,1.51,50.84,17.64,0.8,normal
UNIT-13303,LINE-B,833.89,146.02,68.51,14.89,5.87,44.82,15.98,0.38,scratch
UNIT-12837,LINE-B,856.42,149.37,68.2,20.44,5.38,47.92,18.69,0.74,scratch
UNIT-12874,LINE-A,833.0,148.34,62.11,14.07,3.67,45.45,17.1,0.44,scratch
UNIT-11303,LINE-B,881.96,184.96,46.72,31.96,1.36,49.38,16.17,2.49,hole
UNIT-11001,LINE-B,883.59,187.99,51.01,31.0,1.88,37.11,17.9,2.54,hole
UNIT-12836,LINE-C,837.08,153.63,65.31,18.19,4.83,48.99,17.67,0.4,scratch
UNIT-10019,LINE-B,876.48,168.49,48.96,32.16,1.33,42.66,33.57,1.18,crack
UNIT-10494,LINE-A,892.58,179.6,49.43,33.43,1.18,37.92,29.02,1.3,crack
UNIT-11126,LINE-B,880.83,192.91,53.06,32.17,1.66,43.0,17.73,1.88,hole
UNIT-11405,LINE-B,837.36,151.42,45.86,31.83,1.76,41.02,14.78,0.53,normal
UNIT-11899,LINE-B,824.7,147.14,47.14,29.24,1.6,35.55,18.5,0.61,normal
UNIT-11675,LINE-A,849.21,151.47,48.1,32.02,1.47,40.78,16.88,0.47,normal
UNIT-12725,LINE-A,851.16,146.29,40.0,13.06,1.17,74.57,16.98,0.73,rust
UNIT-12130,LINE-B,835.84,156.83,38.27,18.89,1.72,79.33,17.26,0.88,rust
UNIT-13111,LINE-C,830.39,141.19,61.41,21.12,6.0,40.35,18.26,0.47,scratch
UNIT-10585,LINE-C,923.85,176.69,51.93,32.31,1.63,41.63,24.55,2.31,crack
UNIT-12624,LINE-B,838.99,151.1,34.03,9.52,1.55,73.48,16.68,0.75,rust
UNIT-10688,LINE-B,893.09,194.85,55.52,32.16,0.45,48.95,26.15,1.16,crack
UNIT-12319,LINE-A,830.61,157.87,37.28,19.99,1.57,66.25,14.44,0.46,rust
UNIT-11518,LINE-A,853.78,157.43,51.13,31.55,1.54,47.03,19.64,0.41,normal
UNIT-12553,LINE-C,835.3,149.28,33.21,9.43,1.73,82.46,17.91,0.74,rust
UNIT-11884,LINE-A,829.81,151.46,47.94,30.57,1.54,41.7,20.12,0.42,normal
UNIT-11010,LINE-B,860.51,189.8,49.18,31.02,1.68,39.89,15.24,2.19,hole
UNIT-12816,LINE-A,848.85,154.17,58.22,15.56,5.35,41.23,18.08,0.53,scratch
UNIT-10361,LINE-A,897.39,183.75,49.04,30.64,1.38,41.28,31.14,2.16,crack
UNIT-12981,LINE-B,834.12,146.71,68.37,15.9,6.56,40.88,19.41,0.65,scratch
UNIT-13195,LINE-B,823.29,150.69,63.81,12.17,4.7,36.68,20.85,0.4,scratch
UNIT-12252,LINE-A,843.82,152.44,43.07,11.78,1.44,90.71,16.96,0.4,rust
UNIT-11311,LINE-A,887.87,192.08,51.2,33.4,1.51,46.73,17.68,2.25,hole
UNIT-13215,LINE-C,837.26,149.85,72.11,15.99,6.1,45.04,13.27,0.43,scratch
UNIT-12185,LINE-A,836.93,149.19,39.17,11.56,1.56,69.32,15.52,0.79,rust
UNIT-11726,LINE-C,840.6,151.37,46.29,32.31,1.62,40.38,16.19,0.73,normal
UNIT-12108,LINE-A,833.16,153.09,36.72,17.87,2.13,77.56,16.59,0.36,rust
UNIT-10345,LINE-A,906.92,172.67,49.6,30.75,1.31,39.64,35.51,2.16,crack
UNIT-10987,LINE-A,896.95,173.44,44.05,34.94,1.63,50.22,19.25,2.55,hole
UNIT-12409,LINE-A,834.39,151.51,39.96,16.26,1.84,83.39,21.07,0.77,rust
UNIT-10744,LINE-A,904.78,194.35,48.95,28.88,1.37,51.41,15.92,2.68,hole
UNIT-11832,LINE-C,838.0,149.19,50.69,30.84,0.73,48.77,19.69,0.41,normal
UNIT-12481,LINE-A,845.35,151.67,36.43,17.33,2.08,87.71,17.16,0.4,rust
UNIT-10114,LINE-A,880.87,161.13,48.63,32.78,1.16,44.73,30.46,2.2,crack
UNIT-11438,LINE-B,828.09,151.0,46.44,36.91,2.04,52.66,17.09,0.58,normal
UNIT-11499,LINE-B,835.92,144.12,51.09,31.74,1.77,34.47,18.71,0.24,normal
UNIT-11242,LINE-C,887.22,206.43,51.08,33.22,1.33,40.34,17.39,1.84,hole
UNIT-11143,LINE-A,874.45,191.59,56.36,28.98,1.53,40.91,17.58,2.32,hole
UNIT-13146,LINE-C,840.63,145.77,68.13,11.61,3.47,41.16,17.52,0.55,scratch
UNIT-11217,LINE-B,894.09,171.45,51.63,32.75,1.34,38.95,17.2,2.67,hole
UNIT-11199,LINE-B,884.49,187.59,51.08,29.93,1.44,48.35,15.23,1.78,hole
UNIT-10086,LINE-B,917.44,172.52,51.53,29.95,1.52,37.33,29.85,1.64,crack
UNIT-12417,LINE-C,843.4,142.73,37.24,13.83,1.55,82.8,18.37,0.61,rust
UNIT-11382,LINE-A,878.15,203.02,45.5,32.5,1.21,40.61,18.03,2.32,hole
UNIT-13027,LINE-B,844.82,152.75,62.9,13.98,3.69,44.85,17.17,0.35,scratch
UNIT-10669,LINE-C,889.85,165.94,53.16,29.98,1.38,40.61,24.61,1.97,crack
UNIT-11015,LINE-A,855.37,189.49,45.24,31.87,1.71,38.75,16.17,2.75,hole
UNIT-10129,LINE-A,915.91,178.52,45.26,32.34,1.91,43.22,29.03,1.32,crack
UNIT-11365,LINE-C,884.99,196.92,51.86,31.86,1.6,49.14,17.87,2.39,hole
UNIT-13402,LINE-B,840.51,140.97,64.17,18.81,4.82,42.97,14.77,0.63,scratch
UNIT-11589,LINE-B,835.21,157.94,52.25,31.09,1.57,47.58,17.12,0.71,normal
UNIT-10892,LINE-C,873.85,194.27,52.26,32.3,1.62,45.16,16.7,2.67,hole
UNIT-12322,LINE-C,846.7,154.84,31.71,8.13,1.29,88.07,16.58,0.41,rust
UNIT-11360,LINE-B,899.87,182.65,52.08,34.0,1.51,43.42,16.36,2.49,hole
UNIT-10308,LINE-A,890.05,174.47,52.98,31.83,1.26,42.43,32.47,2.01,crack
UNIT-10384,LINE-A,889.97,164.49,48.13,31.56,1.25,51.28,24.72,1.92,crack
UNIT-10151,LINE-B,915.55,176.57,49.0,30.69,1.19,36.57,32.33,2.06,crack
UNIT-11318,LINE-A,879.42,187.25,46.54,32.2,1.39,38.22,15.51,2.74,hole
UNIT-11452,LINE-B,852.67,141.22,52.26,33.2,1.33,45.01,18.58,0.38,normal
UNIT-11564,LINE-C,850.47,142.45,52.81,33.32,1.43,40.3,13.88,0.38,normal
UNIT-12987,LINE-B,833.52,153.96,67.87,22.8,6.54,36.96,19.93,0.4,scratch
UNIT-10427,LINE-B,893.72,186.04,50.22,31.15,1.75,44.16,32.31,1.61,crack
UNIT-10495,LINE-C,884.83,180.14,55.23,31.93,1.0,41.3,28.76,1.44,crack
UNIT-11208,LINE-A,873.1,194.32,53.77,32.28,1.4,48.93,17.52,1.92,hole
UNIT-11928,LINE-B,832.62,149.99,51.6,31.65,1.38,39.63,18.28,0.64,normal
UNIT-12175,LINE-B,836.8,138.94,37.07,12.56,1.63,74.85,17.12,0.75,rust
UNIT-11209,LINE-A,880.37,204.04,48.56,31.7,1.84,43.06,16.97,2.15,hole
UNIT-12677,LINE-C,848.82,148.8,32.07,13.59,1.6,83.78,16.96,0.43,rust
UNIT-12831,LINE-B,841.62,154.1,64.5,20.08,5.97,36.85,20.0,0.61,scratch
UNIT-13320,LINE-A,831.27,146.53,70.18,14.95,5.19,43.57,20.35,0.47,scratch
UNIT-11534,LINE-B,851.33,154.25,51.34,35.31,2.18,43.48,15.55,0.46,normal
UNIT-11240,LINE-A,870.2,191.84,48.81,30.77,1.91,46.82,15.81,2.35,hole
UNIT-11729,LINE-A,844.77,146.71,52.99,35.18,1.25,46.95,20.09,0.37,normal
UNIT-12548,LINE-A,849.15,148.07,32.76,18.47,1.34,69.76,17.37,0.26,rust
UNIT-10276,LINE-B,888.85,168.69,44.62,33.75,1.13,50.01,25.47,2.25,crack
UNIT-10490,LINE-A,894.44,168.14,50.9,29.61,1.15,35.5,31.52,1.24,crack
UNIT-11672,LINE-C,834.59,153.47,48.51,31.42,1.27,45.97,17.76,0.45,normal
UNIT-11230,LINE-A,889.61,184.39,53.78,29.68,1.84,42.57,15.99,1.65,hole
UNIT-10691,LINE-B,925.14,184.15,46.53,30.22,0.67,44.21,35.49,1.26,crack
UNIT-13292,LINE-A,832.71,160.68,66.07,16.18,6.01,54.49,14.7,0.59,scratch
UNIT-12343,LINE-C,855.62,154.43,37.22,15.58,1.69,89.89,17.44,0.3,rust
UNIT-11587,LINE-C,847.68,148.1,50.0,33.86,2.07,42.74,15.5,0.68,normal
UNIT-12432,LINE-A,824.28,154.4,30.06,20.27,2.54,67.91,17.49,0.72,rust
UNIT-12581,LINE-C,849.7,157.16,31.26,9.23,1.82,74.84,15.96,0.22,rust
UNIT-13444,LINE-C,837.6,145.88,70.82,15.43,4.28,43.15,19.39,0.5,scratch
UNIT-11059,LINE-A,869.59,184.56,48.97,32.75,1.43,39.13,16.97,2.28,hole
UNIT-10119,LINE-A,902.88,182.64,51.86,33.19,1.34,45.44,29.56,1.6,crack
UNIT-11025,LINE-C,871.9,192.27,46.12,31.76,2.06,39.26,17.26,2.7,hole
UNIT-12463,LINE-B,825.61,139.32,40.6,16.15,1.62,66.29,15.82,0.4,rust
UNIT-10282,LINE-A,933.31,172.48,48.52,31.67,1.62,35.49,30.2,1.43,crack
UNIT-12608,LINE-A,834.97,150.84,32.89,12.95,1.24,98.0,16.67,0.77,rust
UNIT-11317,LINE-C,870.7,188.58,45.64,27.65,1.51,49.96,17.06,2.07,hole
UNIT-12765,LINE-C,840.8,154.44,38.33,19.52,2.1,63.65,14.7,0.71,rust
UNIT-10969,LINE-A,868.97,195.28,52.53,31.83,1.78,43.24,17.9,1.86,hole
UNIT-11663,LINE-A,850.35,157.17,49.76,30.03,0.97,35.6,17.71,0.57,normal
UNIT-13205,LINE-C,843.29,155.35,68.02,16.49,5.27,47.9,16.07,0.28,scratch
UNIT-12010,LINE-B,841.79,157.13,53.33,32.72,2.3,46.44,18.56,0.51,normal
UNIT-10620,LINE-A,910.08,184.99,53.21,32.16,1.21,42.62,33.12,1.52,crack
UNIT-12873,LINE-B,837.3,145.43,57.35,19.65,5.19,47.89,15.44,0.33,scratch
UNIT-10156,LINE-A,907.87,174.06,53.26,28.68,1.91,48.51,24.79,1.45,crack
UNIT-12165,LINE-B,841.37,147.54,35.19,12.97,1.4,83.56,15.68,0.48,rust
UNIT-10305,LINE-B,911.71,176.39,49.94,30.54,1.51,42.18,29.51,2.04,crack
UNIT-12628,LINE-B,827.88,151.46,38.93,14.56,1.88,65.41,18.18,0.33,rust
UNIT-12975,LINE-B,849.65,146.48,56.74,18.16,5.96,40.79,16.97,0.6,scratch
UNIT-13052,LINE-C,842.26,152.18,73.15,23.0,6.13,41.86,16.69,0.46,scratch
UNIT-13497,LINE-A,824.19,151.79,61.79,15.98,5.17,41.48,13.93,0.31,scratch
UNIT-13045,LINE-A,848.78,148.84,68.86,21.81,4.71,43.91,16.81,0.93,scratch
UNIT-11308,LINE-C,875.5,201.04,46.28,32.48,1.26,37.83,16.99,2.24,hole
UNIT-11892,LINE-C,835.94,148.63,48.88,31.44,1.73,36.13,16.89,0.55,normal
UNIT-10576,LINE-C,911.34,174.51,50.08,28.55,1.61,50.77,28.12,1.57,crack
UNIT-12293,LINE-A,851.27,147.29,34.64,13.29,1.62,67.43,16.48,0.35,rust
UNIT-13269,LINE-A,824.45,148.8,68.99,11.93,6.54,37.76,15.51,0.56,scratch
UNIT-13060,LINE-B,837.27,150.7,66.07,10.94,6.27,41.64,17.56,0.47,scratch
UNIT-11300,LINE-B,889.34,190.63,53.17,32.33,1.74,42.91,17.95,2.03,hole
UNIT-11957,LINE-B,853.65,155.78,54.16,34.27,1.32,45.32,17.91,0.3,normal
UNIT-11848,LINE-B,851.7,148.8,52.0,32.73,1.6,44.82,15.97,0.45,normal
UNIT-12911,LINE-A,848.74,151.47,60.82,10.99,5.22,44.77,15.25,0.51,scratch
UNIT-12168,LINE-A,844.66,150.06,32.63,20.09,1.05,74.55,16.89,0.5,rust
UNIT-10844,LINE-B,886.55,178.88,48.49,34.92,1.63,38.12,17.33,2.69,hole
UNIT-11737,LINE-C,841.39,149.53,51.56,33.65,1.75,49.27,15.92,0.41,normal
UNIT-10270,LINE-C,927.9,172.96,54.17,35.05,1.82,51.13,24.78,1.3,crack
UNIT-10630,LINE-C,878.45,166.27,50.51,30.45,1.36,42.0,34.6,1.69,crack
UNIT-11034,LINE-B,876.38,188.31,48.96,35.41,1.62,39.09,15.5,2.65,hole
UNIT-12672,LINE-C,838.03,158.59,37.21,15.69,1.02,86.45,15.29,0.24,rust
UNIT-10287,LINE-C,920.4,173.55,49.56,29.86,1.22,50.12,29.03,1.54,crack
UNIT-11327,LINE-A,897.32,193.42,54.14,31.87,1.34,44.13,18.11,2.52,hole
UNIT-12588,LINE-B,839.1,153.94,30.71,20.34,1.69,77.98,18.08,0.71,rust
UNIT-10301,LINE-A,908.2,177.12,53.34,34.37,1.57,48.0,37.17,2.08,crack
UNIT-11875,LINE-A,829.75,144.39,47.94,29.5,1.95,44.2,18.06,0.58,normal
UNIT-11448,LINE-A,828.23,148.9,50.61,34.08,1.63,46.54,16.96,0.5,normal
UNIT-11473,LINE-B,841.51,147.98,48.24,39.11,1.77,42.87,18.35,0.46,normal
UNIT-12826,LINE-A,846.46,137.55,66.34,16.67,6.45,43.51,17.87,0.16,scratch
UNIT-12173,LINE-A,832.38,154.14,33.31,8.63,1.49,76.44,17.45,0.65,rust
UNIT-11819,LINE-B,846.19,157.68,49.69,33.38,1.46,48.79,16.25,0.61,normal
UNIT-10066,LINE-C,925.66,175.58,51.07,32.42,1.68,38.89,33.09,1.83,crack
UNIT-12597,LINE-C,836.61,151.01,45.79,13.38,1.56,83.53,15.53,0.48,rust
UNIT-10891,LINE-A,873.36,192.58,46.17,29.47,1.16,39.86,15.36,2.82,hole
UNIT-12713,LINE-B,838.68,152.5,35.26,14.75,1.99,78.26,14.29,0.72,rust
UNIT-13041,LINE-B,848.7,146.88,56.29,16.82,5.41,43.34,14.72,0.48,scratch
UNIT-12212,LINE-A,842.36,146.37,32.6,17.74,1.03,70.03,18.66,0.61,rust
UNIT-12900,LINE-B,833.04,150.05,69.72,17.35,5.67,38.79,17.52,0.3,scratch
UNIT-10231,LINE-B,876.65,188.29,47.98,31.7,1.88,45.05,34.13,1.46,crack
UNIT-10504,LINE-A,921.34,172.33,49.2,28.83,1.94,40.65,30.57,2.0,crack
UNIT-11676,LINE-A,833.73,145.59,51.94,29.83,1.5,48.06,16.47,0.62,normal
UNIT-12658,LINE-B,835.15,152.84,35.19,13.93,2.09,83.82,15.75,0.33,rust
UNIT-11526,LINE-A,845.68,144.72,47.55,33.9,1.74,45.51,18.17,0.44,normal
UNIT-11992,LINE-A,835.92,156.77,50.15,34.75,1.65,40.94,18.92,0.53,normal
UNIT-12452,LINE-B,836.84,152.85,34.99,11.87,1.54,78.59,16.4,0.41,rust
UNIT-11005,LINE-B,883.38,189.99,50.43,37.69,1.93,43.62,17.06,2.13,hole
UNIT-10837,LINE-A,881.21,194.1,48.71,33.17,1.35,41.3,17.94,2.26,hole
UNIT-13139,LINE-A,845.19,149.57,61.49,11.89,5.79,44.46,14.1,0.52,scratch
UNIT-10375,LINE-A,924.79,175.93,47.13,32.93,2.16,48.97,26.62,2.27,crack
UNIT-11728,LINE-A,837.71,144.42,50.69,32.41,1.5,44.59,15.27,0.61,normal
UNIT-12474,LINE-B,832.41,152.45,35.23,19.37,1.59,74.14,15.48,0.45,rust
UNIT-12625,LINE-C,840.12,147.09,36.46,12.5,1.63,72.68,16.95,0.27,rust
UNIT-10940,LINE-A,884.62,197.79,49.11,30.45,1.21,45.06,16.1,2.59,hole
UNIT-11322,LINE-A,880.76,202.44,54.26,33.69,1.86,45.86,18.09,2.28,hole
UNIT-12941,LINE-A,840.11,155.75,71.3,11.07,5.64,42.18,16.75,0.46,scratch
UNIT-10752,LINE-A,882.73,174.46,49.17,33.81,1.52,42.8,16.55,2.21,hole
UNIT-10100,LINE-A,920.8,172.32,50.56,34.73,1.64,42.28,34.03,1.44,crack
UNIT-11544,LINE-B,843.64,159.11,52.72,33.05,1.29,43.28,17.11,0.6,normal
UNIT-12207,LINE-A,834.11,149.79,36.38,16.69,1.78,83.66,16.95,0.51,rust
UNIT-10867,LINE-B,896.49,195.46,50.66,29.43,2.0,47.07,18.5,2.3,hole
UNIT-10911,LINE-B,900.68,188.85,53.74,33.54,1.69,52.84,16.21,1.99,hole
UNIT-11833,LINE-B,833.97,149.37,55.38,32.86,1.86,41.43,18.77,0.7,normal
UNIT-11576,LINE-A,834.18,148.23,55.32,28.31,1.37,51.59,16.93,0.39,normal
UNIT-10530,LINE-A,907.37,178.75,49.83,32.06,1.54,48.85,30.86,1.93,crack
UNIT-11261,LINE-C,890.56,177.9,53.48,31.03,1.56,53.95,16.67,2.6,hole
UNIT-12154,LINE-C,834.53,145.22,35.67,19.38,1.44,80.48,15.7,0.45,rust
UNIT-10637,LINE-C,920.45,175.64,50.29,32.46,1.53,38.65,28.6,1.71,crack
UNIT-11270,LINE-C,873.2,170.45,52.98,29.49,1.28,42.25,14.31,2.77,hole
UNIT-10186,LINE-B,923.05,173.3,51.86,31.64,1.41,49.29,36.64,1.44,crack
UNIT-13435,LINE-A,848.01,143.97,56.87,11.37,6.09,44.61,17.12,0.61,scratch
UNIT-11645,LINE-C,839.9,152.94,44.95,34.95,1.56,41.06,17.9,0.59,normal
UNIT-11937,LINE-C,845.94,147.39,48.61,33.6,1.87,48.77,14.86,0.48,normal
UNIT-10932,LINE-A,879.85,183.31,52.76,27.05,1.46,44.9,19.55,1.89,hole
UNIT-11442,LINE-A,838.85,142.92,55.58,31.3,1.49,44.64,19.6,0.25,normal
UNIT-13486,LINE-C,838.4,146.95,66.28,14.53,6.04,39.43,15.69,0.45,scratch
UNIT-12844,LINE-C,833.2,148.81,64.36,14.63,4.59,44.87,16.11,0.45,scratch
UNIT-11536,LINE-A,844.94,156.11,49.04,31.73,1.55,44.72,16.94,0.62,normal
UNIT-11927,LINE-B,848.78,158.28,52.04,32.34,1.46,43.52,19.44,0.47,normal
UNIT-13325,LINE-B,847.52,149.76,74.09,18.97,4.14,39.18,19.02,0.43,scratch
UNIT-11274,LINE-B,867.57,201.31,49.33,34.44,1.14,42.05,17.67,2.2,hole
UNIT-12425,LINE-B,833.69,153.39,36.29,8.94,2.47,71.0,19.8,0.38,rust
UNIT-10608,LINE-A,906.97,165.06,47.87,30.71,1.81,41.48,28.9,1.91,crack
UNIT-11867,LINE-B,843.42,149.94,51.37,33.56,1.77,41.33,17.64,0.18,normal
UNIT-12079,LINE-B,848.79,146.74,50.71,31.2,1.88,42.63,16.71,0.4,normal
UNIT-10152,LINE-C,882.19,180.76,54.03,33.79,1.52,40.44,25.96,1.08,crack
UNIT-11776,LINE-A,849.53,153.53,52.33,32.34,1.32,40.76,17.48,0.64,normal
UNIT-12511,LINE-A,840.21,155.32,33.08,22.55,1.95,73.79,17.03,0.5,rust
UNIT-11838,LINE-B,836.65,147.51,50.8,31.63,1.7,50.25,16.28,0.45,normal
UNIT-12249,LINE-A,839.49,153.4,39.01,16.24,2.12,75.54,16.2,0.57,rust
UNIT-10732,LINE-A,896.72,197.15,50.35,33.15,1.67,43.43,17.59,3.12,hole
UNIT-13046,LINE-C,848.35,159.61,60.14,14.09,5.53,45.32,18.67,0.74,scratch
UNIT-12235,LINE-B,841.16,154.81,33.46,19.39,1.32,76.39,20.89,0.79,rust
UNIT-13183,LINE-A,842.69,152.06,59.16,16.99,5.05,44.42,18.76,0.18,scratch
UNIT-10024,LINE-B,884.69,180.52,50.7,30.75,1.54,42.03,31.08,2.28,crack
UNIT-12939,LINE-C,835.18,145.42,65.6,15.72,3.85,50.42,17.42,0.72,scratch
UNIT-10159,LINE-B,882.59,166.31,49.77,32.46,1.67,47.62,28.1,1.54,crack
UNIT-10862,LINE-C,890.73,189.0,49.73,33.34,1.35,35.99,20.41,2.34,hole
UNIT-12025,LINE-B,840.78,158.54,49.74,30.49,1.52,44.51,16.75,0.42,normal
UNIT-10903,LINE-C,878.72,187.22,45.84,29.01,1.49,36.51,15.97,2.58,hole
UNIT-11974,LINE-A,838.38,162.11,51.15,35.39,1.52,49.46,20.11,0.48,normal
UNIT-11231,LINE-A,878.9,198.73,47.2,33.39,1.73,37.97,19.26,2.62,hole
UNIT-12638,LINE-B,831.84,154.62,29.36,16.95,1.61,76.8,16.92,0.52,rust
UNIT-10445,LINE-B,886.05,174.84,47.95,31.66,1.15,42.61,34.74,1.7,crack
UNIT-13427,LINE-B,838.7,151.31,66.39,22.96,4.42,47.24,15.84,0.28,scratch
UNIT-10755,LINE-B,864.91,197.11,48.48,31.95,1.56,43.9,17.71,2.57,hole
UNIT-10924,LINE-C,879.86,188.95,48.51,32.76,1.06,44.4,16.61,2.43,hole
UNIT-13465,LINE-B,843.05,150.06,69.44,21.75,4.8,43.19,18.49,0.55,scratch
UNIT-12466,LINE-A,830.56,157.22,36.36,16.62,2.03,76.68,16.8,0.63,rust
UNIT-10312,LINE-B,879.73,166.33,48.44,33.17,1.75,48.28,30.72,1.14,crack
UNIT-11376,LINE-B,876.43,195.33,48.69,27.74,1.32,37.24,17.53,2.9,hole
UNIT-10549,LINE-A,878.71,184.9,46.12,35.13,1.82,42.38,27.23,1.41,crack
UNIT-12338,LINE-B,841.41,140.04,28.91,16.2,1.86,79.13,16.86,0.82,rust
UNIT-12006,LINE-B,827.81,158.48,49.28,33.14,1.5,41.19,17.73,0.66,normal
UNIT-12749,LINE-C,835.87,147.8,31.3,16.78,1.16,79.95,14.79,0.44,rust
UNIT-10307,LINE-A,916.07,171.75,53.01,33.55,1.85,42.29,32.38,2.04,crack
UNIT-10288,LINE-A,922.63,175.37,45.56,34.13,1.68,49.54,31.65,2.41,crack
UNIT-10695,LINE-B,906.51,164.16,45.88,33.47,1.91,41.48,29.85,0.91,crack
UNIT-10309,LINE-B,926.99,169.14,48.52,32.63,1.74,47.75,30.79,1.8,crack
UNIT-12630,LINE-B,839.62,150.85,36.0,13.06,1.43,77.81,17.2,0.71,rust
UNIT-12708,LINE-A,838.43,158.95,37.59,19.96,1.31,73.63,18.08,0.62,rust
UNIT-12231,LINE-A,839.8,156.08,34.39,18.07,1.25,83.42,16.93,0.53,rust
UNIT-10750,LINE-A,899.92,182.18,51.09,30.5,0.66,47.18,17.74,2.37,hole
UNIT-11591,LINE-A,820.29,140.48,49.0,36.24,1.61,39.35,18.23,0.75,normal
UNIT-11978,LINE-B,857.53,150.49,50.84,35.16,1.56,46.72,15.3,0.45,normal
UNIT-11746,LINE-A,844.8,149.89,48.66,34.25,1.64,45.37,18.73,0.48,normal
UNIT-11267,LINE-B,902.84,200.59,42.67,34.55,1.91,42.84,15.21,2.04,hole
UNIT-12622,LINE-B,851.99,153.36,36.68,15.75,1.68,84.04,17.78,0.48,rust
UNIT-12020,LINE-C,847.89,142.94,50.64,35.43,1.57,45.93,18.17,0.35,normal
UNIT-10909,LINE-A,885.81,180.4,48.81,32.6,1.51,43.81,16.97,2.72,hole
UNIT-11815,LINE-A,846.03,147.11,48.43,29.8,1.81,51.68,18.4,0.49,normal
UNIT-10087,LINE-C,878.04,187.64,49.74,35.56,1.11,41.71,32.43,2.01,crack
UNIT-13354,LINE-A,843.69,155.82,62.36,16.66,6.04,42.92,16.26,0.3,scratch
UNIT-13364,LINE-A,830.12,153.33,64.34,22.63,5.1,39.38,15.93,0.59,scratch
UNIT-12903,LINE-C,845.92,148.15,71.4,16.06,6.31,37.51,16.84,0.47,scratch
UNIT-10971,LINE-C,896.55,173.14,53.87,31.86,1.7,39.75,17.79,2.07,hole
UNIT-10014,LINE-A,898.61,174.42,54.66,32.95,1.24,46.63,31.0,2.24,crack
UNIT-10874,LINE-B,873.5,198.28,48.72,30.8,1.33,44.22,19.97,1.9,hole
UNIT-10809,LINE-B,868.54,190.83,49.6,32.13,1.49,53.84,16.53,2.33,hole
UNIT-13456,LINE-C,846.74,148.25,63.39,22.65,4.34,44.42,16.49,0.29,scratch
UNIT-10515,LINE-A,874.7,179.8,50.08,35.63,1.3,47.34,26.65,1.99,crack
UNIT-12959,LINE-A,838.33,152.52,70.99,20.7,6.95,55.72,16.61,0.36,scratch
UNIT-10410,LINE-C,885.01,183.9,52.48,34.75,1.34,45.9,26.67,1.51,crack
UNIT-13349,LINE-B,827.73,162.14,61.52,11.04,5.29,40.77,19.81,0.61,scratch
UNIT-11338,LINE-B,875.96,171.06,44.91,29.61,2.62,43.85,18.66,2.39,hole
UNIT-11414,LINE-B,848.13,145.65,46.87,32.04,1.85,44.62,17.43,0.67,normal
UNIT-12644,LINE-C,832.36,155.32,29.47,15.95,1.86,77.38,19.5,0.56,rust
UNIT-12514,LINE-A,841.23,155.43,34.66,18.36,2.11,82.31,15.97,0.4,rust
UNIT-11695,LINE-A,842.92,148.59,46.14,31.86,1.63,43.01,14.27,0.54,normal
UNIT-12397,LINE-A,837.65,151.37,34.27,12.2,2.14,71.15,16.29,0.58,rust
UNIT-11958,LINE-A,851.45,155.83,51.35,29.14,1.09,44.96,18.32,0.49,normal
UNIT-10383,LINE-A,923.38,164.06,50.56,32.16,1.6,47.43,34.05,1.51,crack
UNIT-12114,LINE-C,850.94,146.45,35.99,13.4,2.07,79.39,17.24,0.39,rust
UNIT-12562,LINE-A,830.14,146.09,35.76,9.06,1.75,67.02,17.33,0.62,rust
UNIT-11739,LINE-B,835.59,150.55,46.27,30.79,1.52,42.8,16.59,0.7,normal
UNIT-13219,LINE-A,838.72,149.07,60.39,23.36,6.78,47.82,17.13,0.41,scratch
UNIT-12163,LINE-A,829.49,146.42,38.87,13.32,2.23,73.65,15.13,0.26,rust
UNIT-12616,LINE-B,835.96,155.13,36.64,17.23,1.7,83.11,14.95,0.24,rust
UNIT-11881,LINE-B,836.99,150.37,48.98,30.77,0.96,40.93,17.38,0.63,normal
UNIT-11394,LINE-A,878.51,203.46,45.78,30.38,1.04,43.89,16.27,2.82,hole
UNIT-10553,LINE-B,884.9,162.2,51.29,35.1,1.26,42.45,30.75,1.68,crack
UNIT-13251,LINE-C,845.01,144.77,63.14,16.17,4.4,42.61,18.24,0.49,scratch
UNIT-10223,LINE-A,889.41,173.28,52.61,33.07,1.81,47.04,23.89,1.36,crack
UNIT-11383,LINE-A,875.93,182.83,49.65,32.01,1.34,42.9,19.05,2.2,hole
UNIT-11097,LINE-A,874.09,169.95,52.27,33.67,1.37,48.98,13.67,2.48,hole
UNIT-13032,LINE-B,853.71,150.7,60.11,14.5,5.51,40.1,16.41,0.44,scratch
UNIT-10009,LINE-A,893.91,186.16,49.01,31.42,1.74,43.34,28.96,1.95,crack
UNIT-12032,LINE-A,858.43,152.7,46.02,30.55,1.41,40.71,16.42,0.56,normal
UNIT-10317,LINE-A,916.75,167.65,50.59,29.35,1.4,37.34,31.31,1.18,crack
UNIT-11329,LINE-B,881.37,182.06,53.81,30.1,1.43,44.51,19.04,2.38,hole
UNIT-10428,LINE-A,915.57,186.68,49.71,31.31,1.87,39.51,31.51,2.1,crack
UNIT-13334,LINE-A,837.32,158.29,56.47,14.15,4.5,42.73,18.9,0.48,scratch
UNIT-10106,LINE-B,927.71,165.92,49.72,30.19,1.38,48.94,28.98,1.37,crack
UNIT-11913,LINE-C,834.02,144.61,48.57,28.14,1.46,42.14,19.29,0.43,normal
UNIT-10143,LINE-B,909.87,176.84,52.57,29.37,1.82,46.67,29.89,1.36,crack
UNIT-10122,LINE-B,889.93,178.2,51.41,28.48,1.83,45.52,31.55,1.5,crack
UNIT-11799,LINE-A,840.32,140.25,46.27,30.09,1.62,48.3,14.59,0.4,normal
UNIT-12764,LINE-B,839.59,157.67,32.11,19.86,1.26,72.95,17.35,0.4,rust
UNIT-13407,LINE-C,843.94,153.52,71.84,13.11,4.52,40.32,18.34,0.43,scratch
UNIT-11190,LINE-B,892.18,181.95,49.88,29.39,1.43,47.27,13.8,2.99,hole
UNIT-13037,LINE-C,838.07,150.03,67.56,14.82,5.73,43.91,17.2,0.35,scratch
UNIT-13034,LINE-A,843.17,152.25,67.09,21.18,5.78,42.11,15.16,0.51,scratch
UNIT-12717,LINE-A,836.93,156.64,36.02,13.78,1.24,78.05,17.56,0.6,rust
UNIT-11690,LINE-B,852.5,152.39,49.16,30.4,1.38,41.79,20.23,0.77,normal
UNIT-10116,LINE-A,906.99,175.46,51.69,31.02,2.25,41.58,32.25,1.77,crack
UNIT-11939,LINE-A,847.89,149.69,49.89,36.45,1.61,43.53,15.81,0.46,normal
UNIT-13359,LINE-A,831.86,150.32,59.4,16.72,4.17,49.34,15.04,0.54,scratch
UNIT-13233,LINE-B,836.02,162.08,65.04,16.98,3.49,36.4,18.82,0.69,scratch
UNIT-13265,LINE-B,845.42,147.55,61.45,18.59,4.42,43.37,16.19,0.4,scratch
UNIT-13440,LINE-A,827.96,152.38,56.0,12.84,4.37,37.49,13.56,0.63,scratch
UNIT-12370,LINE-A,837.94,159.04,41.27,18.37,1.3,79.62,20.79,0.7,rust
UNIT-12579,LINE-A,845.23,149.1,38.11,22.84,1.71,85.04,16.28,0.37,rust
UNIT-10673,LINE-B,898.74,179.5,51.89,31.61,1.53,39.97,30.15,1.39,crack
UNIT-12399,LINE-B,853.01,148.83,36.05,10.09,1.79,74.78,16.13,0.59,rust
UNIT-13012,LINE-C,832.59,153.15,68.83,21.0,6.05,48.37,17.47,0.46,scratch
UNIT-11110,LINE-B,891.37,201.51,55.38,35.57,1.32,52.07,15.95,2.72,hole
UNIT-12067,LINE-A,836.09,151.44,47.34,36.03,1.17,42.01,18.8,0.33,normal
UNIT-10592,LINE-A,927.19,166.16,54.01,34.45,1.13,40.27,30.86,2.02,crack
UNIT-12047,LINE-A,829.84,145.2,49.31,30.41,1.88,38.33,16.82,0.65,normal
UNIT-13253,LINE-C,832.0,151.97,59.35,12.4,6.44,50.75,17.48,0.49,scratch
UNIT-12971,LINE-C,829.17,148.96,62.26,19.57,5.8,42.02,15.64,0.5,scratch
UNIT-10889,LINE-B,886.84,186.18,51.58,32.86,1.33,37.66,18.56,2.03,hole
UNIT-12226,LINE-C,834.28,142.01,41.15,17.73,1.52,77.32,18.23,0.37,rust
UNIT-12988,LINE-C,829.29,152.65,64.59,12.89,6.04,39.04,15.95,0.69,scratch
UNIT-11577,LINE-B,843.56,153.4,48.22,31.3,1.7,43.88,19.55,0.52,normal
UNIT-12285,LINE-A,836.88,155.53,25.98,17.19,1.26,69.05,19.15,0.83,rust
UNIT-11715,LINE-A,838.34,146.45,52.12,32.98,1.87,51.64,16.12,0.76,normal
UNIT-10214,LINE-B,910.84,166.25,54.68,32.78,1.34,46.14,27.36,1.24,crack
UNIT-10779,LINE-A,872.15,187.69,54.4,35.65,1.22,42.51,16.15,2.68,hole
UNIT-13209,LINE-A,852.42,142.86,65.78,14.21,6.29,45.68,15.53,0.42,scratch
UNIT-11449,LINE-C,834.29,158.28,47.89,31.06,1.3,39.6,17.05,0.31,normal
UNIT-12169,LINE-B,826.47,152.86,38.8,16.95,1.55,87.21,20.01,0.83,rust
UNIT-10801,LINE-A,881.06,199.97,50.92,34.73,1.77,44.79,14.23,2.7,hole
UNIT-12888,LINE-B,833.81,145.61,68.82,18.1,4.34,42.76,18.01,0.47,scratch
UNIT-11994,LINE-B,841.88,153.01,52.53,30.7,1.25,43.85,16.51,0.62,normal
UNIT-13167,LINE-B,842.01,155.35,59.64,21.3,4.42,41.02,17.32,0.54,scratch
UNIT-11568,LINE-A,837.39,152.15,52.9,31.71,1.58,46.75,15.31,0.74,normal
UNIT-12669,LINE-C,827.89,147.55,29.75,15.61,1.79,72.99,17.16,0.15,rust
UNIT-13107,LINE-C,829.5,151.48,63.83,19.81,5.79,41.65,17.29,0.41,scratch
UNIT-11519,LINE-B,829.54,141.02,46.95,30.6,2.17,42.28,18.25,0.61,normal
UNIT-12065,LINE-A,828.89,154.38,47.13,33.22,1.51,44.89,16.29,0.53,normal
UNIT-13164,LINE-A,834.05,152.41,59.86,14.66,5.92,43.43,16.68,0.52,scratch
UNIT-11344,LINE-C,885.75,178.83,52.67,30.58,1.54,46.39,16.99,3.13,hole
UNIT-10274,LINE-C,906.2,168.29,52.97,34.87,1.53,44.18,29.21,1.44,crack
UNIT-10072,LINE-B,896.73,181.43,48.47,31.22,1.69,45.34,30.07,1.71,crack
UNIT-10721,LINE-A,867.54,194.4,49.55,33.25,1.54,41.1,17.51,2.15,hole
UNIT-11741,LINE-B,849.59,154.91,46.33,34.39,0.9,46.45,18.05,0.75,normal
UNIT-11088,LINE-B,881.76,192.16,52.52,29.76,1.66,43.74,16.99,1.98,hole
UNIT-10395,LINE-A,921.52,186.99,49.77,35.11,1.75,46.19,28.74,1.08,crack
UNIT-10584,LINE-A,882.44,183.9,49.08,33.41,1.2,48.68,26.91,1.61,crack
UNIT-13387,LINE-B,829.96,149.76,65.28,17.94,5.86,43.82,15.39,0.51,scratch
UNIT-12358,LINE-A,831.32,137.52,38.17,18.33,1.67,70.98,14.86,0.44,rust
UNIT-12365,LINE-A,844.35,143.1,47.55,13.86,1.82,70.01,15.96,0.28,rust
UNIT-10501,LINE-B,911.16,170.0,50.01,35.62,1.57,42.49,23.34,1.82,crack
UNIT-12379,LINE-C,821.74,156.05,30.62,14.45,1.65,78.0,19.62,0.35,rust
UNIT-12600,LINE-C,849.59,147.39,35.58,15.61,1.53,69.7,16.18,0.39,rust
UNIT-13475,LINE-C,838.65,142.79,64.93,17.42,5.7,42.14,13.93,0.42,scratch
UNIT-13199,LINE-A,832.92,144.81,58.76,18.43,4.28,46.56,16.87,0.35,scratch
UNIT-12308,LINE-B,837.3,156.63,39.64,10.78,1.98,80.12,15.6,0.52,rust
UNIT-12023,LINE-B,833.68,141.26,48.25,31.13,1.75,34.84,17.98,0.42,normal
UNIT-11764,LINE-B,849.63,152.67,47.43,31.72,1.1,45.66,16.75,0.49,normal
UNIT-11260,LINE-B,876.17,177.26,47.66,32.22,1.19,48.51,18.6,2.97,hole
UNIT-12131,LINE-A,845.18,151.87,36.94,14.64,1.77,81.91,16.59,0.3,rust
UNIT-12216,LINE-A,848.47,147.09,38.18,11.22,1.66,68.15,17.54,0.42,rust
UNIT-10206,LINE-B,912.5,176.63,51.25,32.94,1.62,46.97,33.1,1.0,crack
UNIT-10734,LINE-A,875.53,180.12,45.69,32.48,1.53,46.91,16.9,2.21,hole
UNIT-11177,LINE-C,860.55,191.39,47.4,31.34,1.77,38.67,16.91,2.14,hole
UNIT-10527,LINE-A,906.82,176.31,49.81,31.09,1.29,45.68,34.27,2.11,crack
UNIT-12751,LINE-A,844.09,155.93,32.3,10.96,1.66,66.52,18.85,0.62,rust
UNIT-11903,LINE-C,842.63,142.63,53.5,30.96,1.49,47.46,17.92,0.8,normal
UNIT-10899,LINE-A,886.05,189.56,48.29,35.59,1.72,47.08,17.19,2.36,hole
UNIT-10378,LINE-A,901.17,170.83,49.46,32.76,1.81,45.06,29.0,1.45,crack
UNIT-11560,LINE-C,841.55,150.32,53.12,32.62,1.44,48.19,18.85,0.3,normal
UNIT-12209,LINE-A,831.05,153.93,35.91,14.9,1.91,78.68,15.97,0.57,rust
UNIT-13129,LINE-B,836.84,153.27,70.01,18.06,5.27,42.82,17.55,0.42,scratch
UNIT-12347,LINE-A,841.34,145.19,38.13,13.22,2.09,93.7,16.76,0.35,rust
UNIT-10387,LINE-C,912.25,161.82,47.81,34.3,1.22,44.09,26.04,1.28,crack
UNIT-10199,LINE-A,926.12,170.08,48.92,31.67,1.76,43.39,29.07,2.17,crack
UNIT-13423,LINE-A,834.68,151.55,59.84,21.39,5.74,47.53,16.82,0.73,scratch
UNIT-11710,LINE-B,847.88,143.01,53.29,35.39,1.72,39.85,16.51,0.49,normal
UNIT-11051,LINE-B,883.58,183.25,48.54,33.87,1.84,44.67,18.46,1.62,hole
UNIT-10591,LINE-A,896.05,197.43,50.27,31.14,1.5,45.27,28.67,1.82,crack
UNIT-10520,LINE-B,900.34,174.12,52.71,29.85,1.4,47.83,23.24,1.31,crack
UNIT-12368,LINE-A,835.75,152.17,38.71,9.57,2.05,86.2,21.0,0.38,rust
UNIT-11629,LINE-A,839.13,153.52,50.4,30.48,1.6,38.53,18.77,0.42,normal
UNIT-12833,LINE-A,824.19,147.16,69.57,17.54,5.71,48.99,16.79,0.2,scratch
UNIT-12388,LINE-B,841.68,152.46,32.3,19.54,1.63,73.14,17.99,0.35,rust
UNIT-10430,LINE-A,904.48,166.08,46.04,33.63,1.19,42.26,32.42,1.19,crack
UNIT-11084,LINE-B,868.81,187.53,47.49,34.72,2.19,50.98,18.05,1.84,hole
UNIT-12068,LINE-C,823.92,156.35,50.56,31.76,1.94,48.99,18.73,0.46,normal
UNIT-11841,LINE-A,837.52,147.42,50.39,30.69,1.57,44.28,18.74,0.71,normal
UNIT-10208,LINE-A,898.75,179.71,48.63,33.72,1.48,43.82,29.95,0.94,crack
UNIT-10492,LINE-B,882.18,168.79,48.36,30.6,1.4,42.45,30.49,1.98,crack
UNIT-13008,LINE-C,842.34,148.78,69.02,12.66,5.46,50.44,15.58,0.38,scratch
UNIT-11810,LINE-A,837.45,144.09,49.46,31.32,1.82,35.18,15.9,0.39,normal
UNIT-11938,LINE-C,832.47,152.53,52.58,33.75,1.52,45.45,19.51,0.66,normal
UNIT-13398,LINE-A,843.27,149.55,69.38,12.04,4.07,48.41,18.49,0.56,scratch
UNIT-10793,LINE-C,892.93,204.06,50.92,28.58,1.86,46.07,17.69,2.5,hole
UNIT-13087,LINE-A,828.95,153.26,63.63,18.43,6.19,42.29,17.77,0.75,scratch
UNIT-11187,LINE-C,875.01,195.05,47.92,32.7,1.48,44.02,15.95,2.22,hole
UNIT-11186,LINE-B,852.92,198.49,46.65,33.66,1.41,46.78,17.67,1.86,hole
UNIT-11551,LINE-A,826.25,147.64,49.04,32.52,1.67,45.6,16.78,0.36,normal
UNIT-13271,LINE-C,853.3,156.49,62.55,21.38,3.98,44.76,15.1,0.47,scratch
UNIT-11865,LINE-C,840.22,145.87,51.32,34.81,1.29,40.67,21.42,0.35,normal
UNIT-12609,LINE-A,846.23,147.99,30.39,10.48,1.36,75.15,14.16,0.55,rust
UNIT-11531,LINE-A,841.09,149.73,51.06,32.79,1.81,46.93,16.87,0.48,normal
UNIT-11411,LINE-C,849.76,149.42,50.85,31.77,1.71,46.15,17.96,0.5,normal
UNIT-11477,LINE-B,842.57,146.31,51.81,33.79,1.27,47.52,16.57,0.59,normal
UNIT-12875,LINE-A,861.5,153.14,62.63,14.55,6.52,46.29,13.84,0.37,scratch
UNIT-11798,LINE-A,843.78,150.7,50.38,30.46,1.47,53.03,18.84,0.28,normal
UNIT-10084,LINE-A,908.17,171.23,50.15,30.71,1.81,45.57,34.49,2.27,crack
UNIT-12761,LINE-C,852.72,146.63,39.83,17.04,1.53,80.16,19.4,0.1,rust
UNIT-12603,LINE-A,844.82,149.74,31.85,8.12,2.06,80.28,16.07,0.38,rust
UNIT-10021,LINE-A,907.91,168.37,50.79,28.78,1.88,49.07,29.76,1.77,crack
UNIT-11906,LINE-B,834.11,154.96,52.9,34.07,2.21,49.07,15.81,0.52,normal
UNIT-11628,LINE-A,821.22,149.97,49.49,36.48,1.05,40.4,16.8,0.47,normal
UNIT-12223,LINE-A,831.13,146.8,38.69,17.83,1.33,68.3,16.21,0.57,rust
UNIT-12655,LINE-A,835.71,147.99,33.34,13.34,1.73,90.44,15.68,0.46,rust
UNIT-11406,LINE-A,839.13,155.16,46.38,34.91,1.55,41.06,14.6,0.61,normal
UNIT-12334,LINE-A,844.37,144.77,43.79,13.38,1.88,82.94,17.26,0.31,rust
UNIT-11731,LINE-A,837.06,147.99,51.36,29.01,1.96,44.48,18.14,0.58,normal
UNIT-11563,LINE-C,836.21,157.76,51.77,32.81,1.36,36.85,16.56,0.43,normal
UNIT-13489,LINE-C,825.5,152.03,62.92,12.8,5.61,42.06,18.55,0.55,scratch
UNIT-13142,LINE-A,836.74,155.81,58.65,17.26,6.17,43.77,16.43,0.57,scratch
UNIT-12333,LINE-A,841.78,151.93,34.11,8.38,1.85,72.85,17.65,0.33,rust
UNIT-10974,LINE-B,856.49,182.65,50.13,33.39,1.48,47.71,15.28,2.34,hole
UNIT-11711,LINE-B,835.57,151.67,51.29,28.7,2.02,45.88,19.08,0.76,normal
UNIT-13257,LINE-A,844.52,145.32,71.22,20.14,6.69,43.84,14.65,0.53,scratch
UNIT-12296,LINE-C,845.7,144.67,29.65,16.71,1.73,79.13,19.66,0.4,rust
UNIT-10884,LINE-B,893.47,194.79,47.58,30.98,2.07,46.99,17.63,1.96,hole
UNIT-11099,LINE-B,878.35,176.13,50.31,30.75,1.45,49.94,15.76,1.88,hole
UNIT-10157,LINE-A,910.69,168.55,46.47,34.43,1.55,41.14,30.31,2.11,crack
UNIT-12662,LINE-A,832.93,148.18,33.4,14.37,1.23,91.55,15.35,0.77,rust
UNIT-10887,LINE-C,869.32,190.23,46.64,31.65,1.6,53.12,16.91,2.84,hole
UNIT-13498,LINE-A,843.67,150.4,58.28,17.64,6.72,41.97,14.53,0.49,scratch
UNIT-12124,LINE-B,821.22,150.13,34.07,10.55,1.67,85.65,16.66,0.6,rust
UNIT-11513,LINE-B,841.56,148.11,49.64,31.87,1.59,47.71,18.47,0.35,normal
UNIT-12886,LINE-C,845.31,151.52,67.19,21.21,4.1,47.35,18.93,0.42,scratch
UNIT-13467,LINE-A,847.4,143.38,60.84,15.89,4.47,45.71,15.68,0.52,scratch
UNIT-12953,LINE-B,825.93,147.35,65.98,23.45,4.54,52.36,17.26,0.39,scratch
UNIT-13263,LINE-B,841.6,147.89,76.29,15.9,5.51,52.21,18.39,0.34,scratch
UNIT-12026,LINE-A,841.03,153.44,52.52,29.91,1.31,42.71,18.03,0.31,normal
UNIT-11454,LINE-B,833.11,153.26,47.91,28.78,1.49,48.49,17.98,0.5,normal
UNIT-11506,LINE-A,844.17,152.02,54.5,30.29,1.61,41.2,14.69,0.63,normal
UNIT-12438,LINE-A,837.69,147.16,35.41,17.28,1.95,74.43,15.7,0.44,rust
UNIT-13092,LINE-C,854.79,152.5,65.84,19.78,5.5,46.97,16.69,0.38,scratch
UNIT-10459,LINE-C,866.51,178.92,49.97,35.17,1.89,41.67,31.25,1.39,crack
UNIT-12744,LINE-B,841.04,150.69,35.76,20.49,1.78,67.77,17.85,0.57,rust
UNIT-10079,LINE-B,889.72,159.89,49.71,33.27,1.23,50.64,28.48,1.85,crack
UNIT-13400,LINE-C,844.89,143.31,63.61,9.81,4.74,46.58,15.85,0.34,scratch
UNIT-13077,LINE-B,829.92,148.66,63.14,21.02,5.71,41.07,17.0,0.76,scratch
UNIT-11057,LINE-A,899.99,172.99,51.16,29.75,1.88,52.59,15.95,1.79,hole
UNIT-10907,LINE-A,876.93,195.69,48.08,34.0,1.37,40.95,18.17,2.27,hole
UNIT-12246,LINE-A,847.69,142.57,26.87,16.1,1.17,72.9,17.04,0.4,rust
UNIT-12591,LINE-B,833.24,147.29,34.58,9.33,1.15,81.5,16.53,0.53,rust
UNIT-13145,LINE-B,835.81,151.44,69.03,12.45,5.65,44.94,16.74,0.32,scratch
UNIT-10381,LINE-A,934.16,175.55,50.33,31.77,1.33,47.41,31.14,1.37,crack
UNIT-10948,LINE-B,884.09,207.05,49.96,30.56,1.83,47.7,15.17,3.07,hole
UNIT-13182,LINE-A,840.32,148.78,63.31,19.4,5.08,39.81,16.63,0.44,scratch
UNIT-12352,LINE-A,845.36,147.57,33.16,18.49,1.63,74.06,18.97,0.45,rust
UNIT-12785,LINE-B,842.65,147.19,31.9,18.88,1.95,75.55,16.97,0.63,rust
UNIT-10716,LINE-A,873.65,185.31,52.35,32.37,1.31,46.56,16.65,2.52,hole
UNIT-12341,LINE-B,832.98,149.81,39.58,15.81,1.73,70.16,17.26,0.54,rust
UNIT-10687,LINE-A,939.67,183.15,51.71,33.31,1.3,47.43,33.21,2.12,crack
UNIT-12992,LINE-A,836.7,141.87,59.99,19.71,5.75,43.93,14.2,0.73,scratch
UNIT-11294,LINE-A,889.19,193.2,49.03,32.64,1.72,38.28,18.27,1.66,hole
UNIT-10306,LINE-B,889.56,176.92,50.37,32.73,1.6,35.65,28.36,2.47,crack
UNIT-10210,LINE-A,951.23,178.31,46.62,29.36,1.74,46.19,29.09,1.67,crack
UNIT-12045,LINE-A,836.2,136.7,44.31,32.65,1.22,44.22,14.76,0.55,normal
UNIT-12598,LINE-C,834.63,147.85,33.05,15.65,1.89,91.83,17.11,0.82,rust
UNIT-13470,LINE-C,832.33,157.85,68.27,16.85,4.57,43.19,14.64,0.65,scratch
UNIT-12084,LINE-C,834.29,151.49,48.67,33.94,1.13,46.71,18.37,0.64,normal
UNIT-10886,LINE-A,890.58,199.17,50.09,30.19,1.66,38.12,17.57,2.57,hole
UNIT-13114,LINE-B,856.78,152.4,61.21,15.51,5.69,39.87,16.05,0.56,scratch
UNIT-10918,LINE-C,890.56,200.91,47.64,30.32,1.39,41.61,14.28,2.06,hole
UNIT-12627,LINE-B,839.21,149.34,38.76,15.62,1.6,70.71,18.6,0.56,rust
UNIT-12167,LINE-B,823.15,149.7,35.66,19.47,1.27,63.09,13.59,0.29,rust
UNIT-10192,LINE-B,880.21,181.5,51.96,31.5,1.42,49.69,33.05,1.45,crack
UNIT-13058,LINE-B,841.36,151.52,68.71,19.24,3.64,43.32,16.15,0.29,scratch
UNIT-12384,LINE-A,841.58,157.71,31.2,19.42,1.83,71.27,17.11,0.65,rust
UNIT-11266,LINE-C,878.61,184.54,48.68,32.97,1.83,49.86,17.48,2.22,hole
UNIT-10484,LINE-C,897.99,174.19,50.07,33.03,1.31,38.38,34.65,1.69,crack
UNIT-12640,LINE-B,834.06,150.56,34.81,12.38,1.2,72.74,16.78,0.55,rust
UNIT-10916,LINE-B,870.78,189.42,49.82,30.3,1.36,46.88,16.22,2.22,hole
UNIT-13033,LINE-A,829.12,152.01,55.22,14.23,6.27,46.18,15.79,0.37,scratch
UNIT-10278,LINE-B,890.09,179.17,51.33,32.72,2.13,44.0,26.07,1.91,crack
UNIT-10989,LINE-B,876.94,197.79,51.85,33.69,1.34,44.32,16.88,2.64,hole
UNIT-12004,LINE-B,833.1,150.55,52.98,34.86,1.53,44.62,18.48,0.3,normal
UNIT-11246,LINE-C,864.44,204.16,49.47,36.78,1.58,44.45,17.79,2.57,hole
UNIT-12647,LINE-A,837.45,155.03,31.21,12.38,1.96,68.35,17.42,0.63,rust
UNIT-10572,LINE-A,899.58,171.59,49.06,29.39,1.73,38.27,25.78,1.84,crack
UNIT-11436,LINE-C,851.83,141.33,52.15,29.81,1.86,42.1,15.78,0.41,normal
UNIT-12406,LINE-B,836.96,144.57,31.87,17.55,1.4,83.48,16.12,0.34,rust
UNIT-10994,LINE-B,887.99,184.53,50.03,34.27,1.85,50.84,16.26,1.98,hole
UNIT-12645,LINE-C,844.28,153.09,29.98,19.43,2.13,59.11,18.78,0.48,rust
UNIT-13239,LINE-B,844.48,150.56,65.79,14.57,5.5,39.81,15.54,0.57,scratch
UNIT-10586,LINE-B,900.66,181.83,49.85,33.65,1.28,43.79,36.04,2.01,crack
UNIT-13430,LINE-B,833.22,157.99,75.12,17.46,5.39,45.66,16.88,0.51,scratch
UNIT-10414,LINE-B,901.57,180.08,51.12,31.0,1.47,44.95,23.24,1.74,crack
UNIT-13492,LINE-A,831.72,144.53,74.37,19.3,4.54,40.01,15.01,0.55,scratch
UNIT-11350,LINE-A,879.84,183.78,51.77,32.79,1.65,49.94,17.46,1.72,hole
UNIT-11008,LINE-A,889.11,193.35,49.83,32.09,1.58,47.95,16.07,2.07,hole
UNIT-10675,LINE-A,894.45,163.66,49.35,32.74,1.65,45.4,29.13,1.56,crack
UNIT-12970,LINE-A,843.22,157.67,54.46,11.57,6.18,40.26,17.0,0.43,scratch
UNIT-10856,LINE-C,885.89,183.54,51.73,31.1,1.17,53.03,16.75,2.75,hole
UNIT-10448,LINE-B,895.32,177.25,48.72,30.4,1.5,47.08,26.29,1.71,crack
UNIT-12808,LINE-B,847.39,144.79,62.86,18.36,4.2,46.55,18.19,0.67,scratch
UNIT-10866,LINE-A,890.65,182.33,49.43,33.23,1.6,43.21,15.8,2.2,hole
UNIT-12536,LINE-B,844.81,148.16,32.18,13.02,1.66,80.56,16.23,0.61,rust
UNIT-12643,LINE-A,819.0,161.42,34.0,18.85,1.98,76.19,16.99,0.41,rust
UNIT-13362,LINE-B,858.97,151.44,67.65,15.76,5.43,38.66,17.27,0.65,scratch
UNIT-12780,LINE-A,854.64,149.35,33.54,12.17,1.72,80.44,17.4,0.48,rust
UNIT-12698,LINE-B,842.32,152.17,32.66,16.32,2.43,71.04,19.23,0.28,rust
UNIT-11961,LINE-B,842.08,157.26,50.24,31.76,1.8,46.21,16.09,0.38,normal
UNIT-13116,LINE-B,845.49,159.23,68.34,20.31,4.9,40.57,15.65,0.8,scratch
UNIT-12924,LINE-A,816.82,152.22,70.64,22.95,4.19,42.04,15.76,0.38,scratch
UNIT-11248,LINE-B,881.49,196.18,52.02,30.08,1.47,40.51,14.98,1.87,hole
UNIT-10295,LINE-A,917.04,176.81,50.85,32.56,1.65,42.54,28.65,2.14,crack
UNIT-11548,LINE-A,840.35,150.7,54.92,29.92,1.61,39.76,16.26,0.75,normal
UNIT-10589,LINE-A,923.39,180.09,48.96,30.32,1.37,44.56,32.56,1.91,crack
UNIT-11742,LINE-A,851.03,155.27,52.27,31.38,1.5,45.38,16.8,0.63,normal
UNIT-11282,LINE-B,859.65,180.28,49.94,34.74,1.6,44.66,17.3,1.96,hole
UNIT-11963,LINE-A,848.28,154.5,49.72,34.71,1.54,44.82,16.14,0.44,normal
UNIT-12267,LINE-A,839.21,160.61,35.1,8.68,1.6,83.7,17.93,0.51,rust
UNIT-12699,LINE-A,832.6,141.82,32.5,17.33,2.05,70.58,17.1,0.54,rust
UNIT-13019,LINE-A,831.3,161.41,72.0,15.13,3.61,40.23,17.6,0.79,scratch
UNIT-12549,LINE-C,846.56,151.41,31.11,16.47,1.91,74.64,15.45,0.53,rust
UNIT-11968,LINE-A,843.47,153.34,46.2,29.85,1.93,43.76,16.36,0.46,normal
UNIT-12637,LINE-B,842.36,142.64,38.19,12.72,1.17,80.85,14.93,0.4,rust
UNIT-11418,LINE-B,847.91,150.32,46.73,32.31,1.68,46.84,19.03,0.49,normal
UNIT-10426,LINE-B,923.92,181.94,47.05,31.56,1.78,37.78,30.45,1.79,crack
UNIT-10535,LINE-A,900.65,181.94,49.08,31.08,1.69,41.29,26.11,2.16,crack
UNIT-11055,LINE-C,889.29,182.46,46.67,30.5,1.37,48.85,14.13,2.68,hole
UNIT-12648,LINE-B,843.05,154.06,33.8,14.49,1.41,79.25,17.05,0.33,rust
UNIT-12916,LINE-B,852.08,159.13,64.17,14.77,5.81,46.74,17.22,0.05,scratch
UNIT-11967,LINE-A,839.22,149.77,48.14,32.56,1.73,47.94,17.59,0.63,normal
UNIT-11771,LINE-B,853.52,154.93,48.4,30.33,1.06,35.96,16.08,0.69,normal
UNIT-10133,LINE-A,881.88,188.3,50.2,32.7,1.36,42.74,32.87,1.65,crack
UNIT-10007,LINE-A,872.5,173.44,52.26,32.04,1.44,38.02,26.71,2.33,crack
UNIT-13106,LINE-B,835.64,140.93,61.75,10.22,4.7,43.62,21.76,0.58,scratch
UNIT-10422,LINE-B,885.94,182.35,50.39,32.8,1.58,41.06,30.54,1.06,crack
UNIT-11691,LINE-A,848.05,154.58,49.85,31.45,1.62,47.97,15.11,0.38,normal
UNIT-13103,LINE-A,840.0,146.19,65.66,15.12,6.76,44.95,19.11,0.33,scratch
UNIT-12385,LINE-A,841.27,147.87,36.16,14.74,1.7,80.86,16.14,0.46,rust
UNIT-11194,LINE-A,896.5,195.95,48.14,33.87,1.76,42.9,16.16,1.84,hole
UNIT-11717,LINE-A,833.88,150.54,55.35,35.65,1.71,46.52,17.71,0.45,normal
UNIT-11369,LINE-B,868.74,198.87,48.54,34.48,1.5,37.13,16.71,3.19,hole
UNIT-10557,LINE-A,884.97,174.0,49.21,28.81,1.61,43.53,29.17,1.23,crack
UNIT-12391,LINE-A,847.75,146.09,34.3,9.57,1.41,74.82,15.95,0.55,rust
UNIT-12046,LINE-B,832.48,144.75,49.56,31.3,1.6,40.38,18.51,0.63,normal
UNIT-13161,LINE-B,840.65,149.68,67.31,16.62,5.18,44.58,14.39,0.21,scratch
UNIT-13125,LINE-A,826.41,145.9,64.74,13.38,5.0,47.51,16.83,0.55,scratch
UNIT-13448,LINE-B,835.39,153.43,68.67,12.34,5.66,44.76,17.67,0.41,scratch
UNIT-10571,LINE-A,897.55,176.75,55.62,30.18,1.95,45.49,27.9,1.55,crack
UNIT-10353,LINE-A,906.9,159.26,45.74,32.15,1.43,42.97,33.86,2.14,crack
UNIT-10092,LINE-C,897.42,186.13,52.5,26.21,2.23,43.44,33.4,1.06,crack
UNIT-12488,LINE-A,839.12,147.51,35.41,20.54,1.33,77.41,17.06,0.16,rust
UNIT-13126,LINE-B,854.51,158.15,62.48,18.05,3.8,43.67,16.7,0.4,scratch
UNIT-11171,LINE-C,877.86,186.73,48.38,30.76,1.26,47.6,16.26,3.12,hole
UNIT-12309,LINE-C,835.53,143.04,39.79,14.5,0.7,87.16,17.4,0.79,rust
UNIT-11286,LINE-A,891.43,190.31,50.73,24.76,1.84,39.59,15.57,2.74,hole
UNIT-12443,LINE-B,831.44,152.78,34.69,17.73,1.65,75.15,17.03,0.52,rust
UNIT-12847,LINE-B,839.73,152.66,66.88,16.84,4.91,44.46,15.73,0.56,scratch
UNIT-11883,LINE-A,832.2,157.79,51.5,36.38,1.12,45.25,16.35,0.5,normal
UNIT-12021,LINE-C,840.93,145.58,47.28,33.9,2.11,46.2,16.74,0.68,normal
UNIT-11890,LINE-A,823.26,156.85,53.12,33.0,1.27,37.67,16.18,0.59,normal
UNIT-12482,LINE-A,836.13,152.54,43.0,13.46,1.75,87.0,18.33,0.42,rust
UNIT-11592,LINE-B,848.38,151.83,52.06,30.25,1.45,49.39,19.34,0.33,normal
UNIT-12105,LINE-B,845.82,154.8,36.14,12.0,1.18,74.3,17.08,0.37,rust
UNIT-10698,LINE-B,916.0,171.3,47.94,31.01,1.0,38.7,32.81,2.38,crack
UNIT-12918,LINE-A,845.96,152.99,68.19,14.57,5.86,36.63,18.02,0.49,scratch
UNIT-10349,LINE-A,885.88,177.7,49.38,32.64,1.67,49.05,30.79,1.35,crack
UNIT-12103,LINE-A,833.27,153.68,36.0,18.32,1.62,83.29,15.89,0.55,rust
UNIT-13457,LINE-C,830.1,155.58,56.11,21.17,5.12,45.82,17.59,0.33,scratch
UNIT-12830,LINE-A,849.17,143.15,72.9,12.68,5.16,47.36,17.76,0.56,scratch
UNIT-12539,LINE-A,834.58,143.73,27.39,9.74,1.74,82.18,16.6,0.47,rust
UNIT-11138,LINE-A,894.09,184.11,42.64,30.59,1.69,43.56,17.77,2.81,hole
UNIT-12247,LINE-A,854.66,148.35,33.82,17.67,1.19,65.68,19.11,0.27,rust
UNIT-12719,LINE-B,838.06,154.33,36.3,14.44,1.72,91.79,14.03,0.51,rust
UNIT-11989,LINE-A,836.83,145.91,51.54,31.7,1.57,33.99,16.66,0.34,normal
UNIT-13308,LINE-C,843.21,152.88,61.77,17.41,6.42,39.97,15.17,0.2,scratch
UNIT-13291,LINE-C,829.89,151.66,58.49,25.99,6.54,48.64,17.06,0.55,scratch
UNIT-11712,LINE-C,827.96,148.69,49.16,29.73,1.15,45.97,17.49,0.32,normal
UNIT-11340,LINE-B,906.58,182.39,47.5,29.59,1.2,37.51,17.35,2.79,hole
UNIT-12898,LINE-A,837.28,149.28,70.48,20.34,5.83,42.11,15.95,0.56,scratch
UNIT-10454,LINE-A,895.86,183.68,47.03,31.21,1.76,44.36,27.12,1.62,crack
UNIT-10914,LINE-B,892.22,176.27,49.88,34.91,1.73,39.68,15.54,2.82,hole
UNIT-12360,LINE-B,839.39,152.02,35.19,7.45,1.42,86.39,14.09,0.73,rust
UNIT-11200,LINE-A,870.26,195.75,48.66,33.65,1.84,46.08,16.58,2.28,hole
UNIT-11925,LINE-C,838.8,152.95,48.47,35.14,1.98,44.03,17.09,0.37,normal
UNIT-11275,LINE-B,892.32,190.53,49.2,31.13,1.47,37.14,17.45,2.72,hole
UNIT-12288,LINE-B,836.2,152.86,37.92,17.01,1.48,85.34,15.87,0.66,rust
UNIT-10038,LINE-A,892.55,163.68,48.72,29.88,1.58,47.82,23.93,1.51,crack
UNIT-10975,LINE-B,910.93,194.65,50.88,29.54,1.67,42.34,15.84,3.34,hole
UNIT-13235,LINE-B,837.6,148.05,59.3,21.65,4.61,48.75,18.14,0.55,scratch
UNIT-10984,LINE-B,882.3,181.78,57.72,32.85,1.08,43.15,16.81,2.32,hole
UNIT-11250,LINE-B,871.98,187.33,50.28,28.75,1.53,48.71,18.31,2.41,hole
UNIT-12354,LINE-A,848.34,151.27,42.68,17.72,2.0,81.58,16.86,0.46,rust
UNIT-11419,LINE-B,832.35,148.22,49.46,35.9,1.51,36.46,20.57,0.53,normal
UNIT-11285,LINE-C,862.96,187.15,49.61,33.78,1.47,48.8,17.58,2.69,hole
UNIT-11561,LINE-B,844.23,151.89,53.04,32.79,1.28,41.07,19.74,0.39,normal
UNIT-10040,LINE-A,908.04,169.52,48.67,30.85,1.52,34.79,30.2,1.61,crack
UNIT-11487,LINE-A,832.67,149.74,51.05,31.26,2.18,48.1,17.68,0.44,normal
UNIT-12243,LINE-B,838.09,148.85,41.22,14.58,1.36,90.06,16.64,0.38,rust
UNIT-10170,LINE-B,888.82,167.97,52.02,30.05,1.74,46.02,34.34,2.11,crack
UNIT-11356,LINE-A,894.32,194.43,48.34,33.46,1.63,46.42,16.57,2.9,hole
UNIT-10738,LINE-A,876.89,196.15,47.21,27.67,1.72,46.12,15.52,2.25,hole
UNIT-12407,LINE-A,856.76,155.38,38.49,15.66,1.39,67.47,16.58,0.52,rust
UNIT-13150,LINE-A,841.0,147.34,67.62,12.22,4.24,36.95,19.15,0.52,scratch
UNIT-11673,LINE-A,824.08,156.47,49.49,30.73,1.87,43.17,15.43,0.27,normal
UNIT-11565,LINE-C,839.39,156.3,49.16,33.67,1.4,46.75,16.63,0.73,normal
UNIT-12311,LINE-B,831.93,148.54,42.22,16.58,1.31,92.94,17.0,0.33,rust
UNIT-10635,LINE-A,877.25,173.7,48.72,32.98,1.08,39.51,32.47,1.64,crack
UNIT-13091,LINE-B,845.26,147.96,71.06,23.48,4.06,43.22,16.84,0.52,scratch
UNIT-12321,LINE-C,854.22,137.79,33.56,15.18,1.22,93.22,17.03,0.48,rust
UNIT-11641,LINE-A,833.7,152.4,47.94,32.16,1.74,49.81,18.21,0.51,normal
UNIT-11291,LINE-B,857.12,183.69,54.25,38.98,1.5,42.45,14.54,1.65,hole
UNIT-12726,LINE-A,846.22,153.73,31.21,20.8,1.72,82.01,17.78,0.62,rust
UNIT-11381,LINE-A,884.62,202.86,52.88,30.91,1.97,41.1,17.08,2.9,hole
UNIT-11934,LINE-B,831.37,151.3,52.25,29.05,2.35,48.76,17.0,0.38,normal
UNIT-10580,LINE-C,913.84,167.34,49.9,29.05,1.88,44.22,26.91,1.23,crack
UNIT-10329,LINE-A,927.27,187.25,48.36,30.14,1.57,50.66,28.92,1.01,crack
UNIT-12155,LINE-A,839.18,146.64,38.86,17.48,1.35,78.52,16.55,0.48,rust
UNIT-12031,LINE-A,843.51,159.2,50.19,31.51,1.31,45.48,18.53,0.23,normal
UNIT-10893,LINE-A,872.36,181.71,51.16,29.69,1.26,41.13,17.29,1.57,hole
UNIT-11144,LINE-C,898.62,195.95,52.38,31.76,1.55,48.31,17.95,2.88,hole
UNIT-10781,LINE-C,883.52,191.74,51.08,33.3,1.46,38.64,19.07,2.89,hole
UNIT-12526,LINE-C,841.09,150.89,32.66,13.0,2.13,90.78,18.59,0.45,rust
UNIT-12190,LINE-B,840.18,154.69,39.75,17.91,1.64,85.35,17.96,0.52,rust
UNIT-10160,LINE-B,898.62,178.66,45.5,30.91,1.36,41.52,34.41,1.45,crack
UNIT-10003,LINE-C,920.66,182.99,50.73,30.73,1.29,43.35,26.79,1.47,crack
UNIT-10850,LINE-A,895.39,192.83,47.78,31.11,1.23,51.42,19.06,2.61,hole
UNIT-12109,LINE-A,834.95,154.22,36.36,16.6,1.47,84.35,17.59,0.46,rust
UNIT-11597,LINE-B,841.25,159.87,51.33,34.64,1.66,42.51,18.45,0.61,normal
UNIT-11777,LINE-A,847.5,148.08,51.13,31.52,1.61,47.73,14.08,0.59,normal
UNIT-11914,LINE-C,845.57,146.16,45.04,32.93,1.4,40.44,15.11,0.46,normal
UNIT-11044,LINE-B,875.0,190.95,46.74,31.1,1.31,44.51,15.61,1.74,hole
UNIT-11545,LINE-B,826.15,153.08,53.37,27.87,1.88,43.19,18.97,0.49,normal
UNIT-12506,LINE-A,844.26,146.41,30.31,19.06,2.5,70.82,16.06,0.3,rust
UNIT-10054,LINE-C,907.32,177.4,45.77,35.06,1.55,42.29,32.68,1.27,crack
UNIT-13373,LINE-B,845.76,145.96,52.98,22.57,4.69,45.45,17.48,0.56,scratch
UNIT-11912,LINE-B,828.64,144.05,50.34,26.38,1.42,49.63,18.47,0.42,normal
UNIT-13442,LINE-A,837.8,147.46,67.7,13.97,4.95,52.84,17.53,0.45,scratch
UNIT-10825,LINE-B,861.53,192.6,49.33,32.71,2.03,45.49,17.25,1.89,hole
UNIT-13133,LINE-C,841.47,155.88,64.62,19.25,4.45,44.17,16.12,0.57,scratch
UNIT-11390,LINE-A,852.01,202.08,52.74,26.66,1.5,40.41,16.49,2.25,hole
UNIT-13026,LINE-A,837.52,141.53,72.99,22.65,5.15,42.43,17.66,0.54,scratch
UNIT-12272,LINE-B,853.04,144.22,30.24,21.67,2.2,65.47,17.41,0.55,rust
UNIT-11608,LINE-A,843.43,148.98,51.69,31.78,1.6,45.01,18.39,0.4,normal
UNIT-11595,LINE-B,835.99,145.22,48.38,31.35,2.07,45.11,18.85,0.54,normal
UNIT-10772,LINE-A,897.25,192.64,49.37,31.74,0.96,43.21,18.08,2.61,hole
UNIT-11869,LINE-A,841.79,149.81,50.66,28.38,1.53,47.3,16.35,0.37,normal
UNIT-11086,LINE-A,882.37,200.25,51.44,28.67,2.24,37.39,17.23,2.26,hole
UNIT-12544,LINE-A,840.54,157.57,42.75,20.34,1.52,85.03,16.1,0.62,rust
UNIT-11326,LINE-A,865.39,187.99,48.98,32.44,1.45,54.18,19.26,2.39,hole
UNIT-11464,LINE-B,857.32,156.59,52.46,29.22,1.66,48.84,17.89,0.35,normal
UNIT-10807,LINE-B,889.3,190.99,49.74,29.39,1.54,44.25,16.33,1.64,hole
UNIT-13115,LINE-A,824.0,150.72,68.66,11.1,4.77,46.78,18.3,0.59,scratch
UNIT-12179,LINE-B,846.65,152.71,39.76,17.44,1.86,71.59,16.56,0.37,rust
UNIT-12502,LINE-A,834.57,152.55,35.56,14.77,1.41,73.94,19.24,0.58,rust
UNIT-13439,LINE-A,829.75,149.66,72.33,12.64,4.2,47.6,16.96,0.66,scratch
UNIT-10964,LINE-A,889.65,192.19,54.92,30.53,1.22,39.4,15.34,2.12,hole
UNIT-10399,LINE-C,896.36,167.86,50.98,30.68,1.68,40.75,33.17,1.87,crack
UNIT-13280,LINE-C,822.12,158.01,65.17,16.56,6.46,48.51,16.92,0.51,scratch
UNIT-10705,LINE-B,888.31,191.69,50.82,32.63,1.01,48.62,16.83,2.39,hole
UNIT-10432,LINE-A,920.77,163.21,48.56,33.07,1.91,42.37,26.45,1.42,crack
UNIT-10293,LINE-A,908.23,185.99,47.71,34.27,1.18,41.74,30.68,1.34,crack
UNIT-13304,LINE-A,847.98,152.82,59.33,18.02,4.25,44.09,16.57,0.49,scratch
UNIT-10146,LINE-B,874.75,171.64,52.38,35.42,1.57,43.32,33.42,1.41,crack
UNIT-12034,LINE-C,840.7,155.63,49.79,31.94,1.59,49.19,15.34,0.77,normal
UNIT-12472,LINE-C,833.01,145.11,33.43,15.71,1.17,65.84,16.21,0.64,rust
UNIT-11166,LINE-A,869.41,195.92,52.39,32.56,1.72,48.85,16.39,2.01,hole
UNIT-12051,LINE-B,836.52,153.96,50.16,31.79,1.38,41.81,19.38,0.62,normal
UNIT-12688,LINE-A,838.52,150.04,36.8,16.15,1.72,75.63,15.7,0.51,rust
UNIT-10340,LINE-C,907.78,163.55,50.51,33.53,1.12,45.2,31.55,1.06,crack
UNIT-12122,LINE-B,851.31,148.89,40.0,14.17,1.41,78.03,16.14,0.38,rust
UNIT-10266,LINE-A,911.19,174.36,47.11,28.5,1.48,44.63,26.79,1.35,crack
UNIT-13089,LINE-A,843.26,149.54,69.06,17.31,5.17,43.19,16.23,0.29,scratch
UNIT-11772,LINE-A,833.63,146.53,49.45,35.46,1.4,50.64,18.27,0.56,normal
UNIT-10272,LINE-A,899.63,175.94,46.8,32.38,1.9,38.98,30.28,1.35,crack
UNIT-10697,LINE-A,907.62,184.59,50.32,30.82,1.05,40.87,26.24,1.86,crack
UNIT-13468,LINE-B,825.97,146.79,73.31,17.96,5.7,49.87,17.13,0.27,scratch
UNIT-10245,LINE-B,887.45,178.93,48.4,31.67,2.06,44.55,33.56,2.04,crack
UNIT-13284,LINE-A,840.61,152.84,70.87,14.66,4.26,42.23,17.77,0.39,scratch
UNIT-10477,LINE-C,891.66,181.51,49.63,33.02,1.62,39.52,27.97,1.54,crack
UNIT-12033,LINE-B,830.53,155.97,44.67,35.57,1.9,44.73,16.33,0.44,normal
UNIT-13217,LINE-B,846.34,152.22,65.5,14.37,4.89,51.76,16.97,0.34,scratch
UNIT-13118,LINE-A,848.7,140.33,62.04,9.13,5.81,49.27,15.05,0.52,scratch
UNIT-10814,LINE-B,889.37,182.83,45.85,33.72,2.0,53.85,19.18,2.64,hole
UNIT-11915,LINE-C,837.91,155.82,52.11,34.36,1.41,39.48,20.38,0.53,normal
UNIT-12957,LINE-B,838.68,158.9,58.97,17.69,3.99,42.77,17.28,0.53,scratch
UNIT-13487,LINE-B,857.55,148.47,69.76,18.42,6.88,41.1,16.19,0.4,scratch
UNIT-11805,LINE-A,846.76,150.74,51.46,29.97,1.49,43.74,18.65,0.42,normal
UNIT-12541,LINE-A,838.19,141.57,30.79,14.96,2.12,86.48,17.6,0.34,rust
UNIT-10251,LINE-B,918.69,184.19,50.37,30.64,1.73,52.32,30.57,1.5,crack
UNIT-10546,LINE-B,905.65,165.1,53.17,32.98,1.23,49.7,28.41,1.94,crack
UNIT-10739,LINE-A,878.24,191.49,49.09,36.05,1.87,42.47,14.61,2.98,hole
UNIT-10311,LINE-A,918.19,160.2,43.19,33.89,1.6,48.19,25.79,1.9,crack
UNIT-11132,LINE-A,869.83,191.52,50.4,30.48,2.26,48.81,17.1,2.57,hole
UNIT-11450,LINE-A,843.15,149.1,47.43,29.2,2.38,39.48,16.22,0.58,normal
UNIT-13393,LINE-B,843.15,141.43,61.65,14.84,4.6,44.48,19.24,0.49,scratch
UNIT-10016,LINE-B,913.99,170.8,49.44,33.43,1.74,43.71,26.9,1.54,crack
UNIT-13073,LINE-B,843.78,152.98,66.55,14.0,4.14,46.73,16.86,0.57,scratch
UNIT-12467,LINE-B,847.37,150.71,32.24,16.62,1.46,68.9,17.3,0.36,rust
UNIT-12820,LINE-B,849.79,136.95,71.57,17.69,5.89,46.31,15.89,0.48,scratch
UNIT-10364,LINE-B,915.0,177.38,51.18,30.71,1.1,46.01,30.79,1.81,crack
UNIT-10183,LINE-A,914.7,170.66,50.12,32.66,1.47,37.53,33.74,2.07,crack
UNIT-11195,LINE-B,879.68,192.68,49.33,30.25,1.47,49.71,17.95,2.14,hole
UNIT-12652,LINE-B,838.22,149.81,31.53,17.49,2.06,92.06,16.55,0.38,rust
UNIT-11122,LINE-A,892.38,204.64,54.56,31.86,1.92,41.25,17.76,2.5,hole
UNIT-11183,LINE-B,879.67,184.94,44.37,34.35,1.53,40.49,17.5,2.19,hole
UNIT-12576,LINE-B,831.16,151.19,36.88,19.52,1.8,73.89,15.74,0.4,rust
UNIT-10615,LINE-A,889.87,172.11,50.22,32.35,1.81,49.88,29.57,1.93,crack
UNIT-11467,LINE-B,840.85,146.02,46.99,33.16,1.83,49.14,16.57,0.53,normal
UNIT-10402,LINE-B,878.63,170.61,49.34,31.2,1.57,45.06,25.13,1.56,crack
UNIT-10935,LINE-A,897.95,192.44,50.63,30.63,2.04,43.74,16.7,2.46,hole
UNIT-12323,LINE-A,829.86,141.34,40.98,13.23,1.16,69.43,16.96,0.43,rust
UNIT-12317,LINE-B,853.49,153.28,38.47,15.37,1.71,66.25,14.38,0.61,rust
UNIT-10727,LINE-C,888.71,187.73,54.6,33.8,1.47,39.04,18.79,3.04,hole
UNIT-10827,LINE-C,899.63,196.68,48.89,31.37,1.6,43.12,18.1,1.66,hole
UNIT-11522,LINE-A,835.91,157.73,53.54,31.87,1.43,42.85,21.0,0.78,normal
UNIT-10137,LINE-C,910.27,172.82,45.42,32.4,1.71,49.47,35.93,1.37,crack
UNIT-10629,LINE-B,889.75,177.86,51.23,29.85,1.47,31.14,31.0,1.75,crack
UNIT-10335,LINE-A,882.54,172.39,48.7,33.01,1.56,40.7,29.44,2.51,crack
UNIT-10391,LINE-C,936.62,171.08,47.31,32.25,1.36,43.01,25.84,1.9,crack
UNIT-12697,LINE-A,839.74,149.96,35.15,11.28,1.38,79.11,17.65,0.74,rust
UNIT-11818,LINE-A,830.92,136.92,54.37,33.11,1.56,41.33,12.69,0.39,normal
UNIT-13149,LINE-A,863.49,156.53,69.16,13.58,6.48,41.55,16.66,0.21,scratch
UNIT-10711,LINE-A,866.99,199.27,52.5,32.42,1.56,48.33,16.94,2.38,hole
UNIT-11040,LINE-B,869.22,199.06,50.72,31.29,1.67,51.36,15.69,2.89,hole
UNIT-13194,LINE-A,828.44,148.75,63.46,17.83,5.94,42.4,19.26,0.56,scratch
UNIT-13028,LINE-B,841.72,155.13,63.02,12.93,4.67,40.52,17.06,0.24,scratch
UNIT-11562,LINE-A,832.44,158.05,52.97,34.67,1.64,45.03,15.21,0.65,normal
UNIT-13218,LINE-A,824.34,146.11,67.85,18.05,5.26,41.69,16.79,0.67,scratch
UNIT-12936,LINE-C,826.89,147.35,72.54,23.32,5.48,45.83,16.74,0.6,scratch
UNIT-11113,LINE-B,902.2,199.75,50.13,33.79,1.29,39.22,16.3,2.69,hole
UNIT-11224,LINE-A,859.45,184.37,49.71,31.1,1.34,45.09,15.85,2.1,hole
UNIT-12345,LINE-A,830.88,148.33,31.39,19.58,2.05,69.33,17.15,0.54,rust
UNIT-11509,LINE-B,841.93,147.23,50.27,29.65,1.83,44.5,15.5,0.55,normal
UNIT-11751,LINE-A,840.04,147.04,49.63,30.78,1.52,45.56,15.44,0.66,normal
UNIT-13382,LINE-A,849.0,142.52,68.25,16.53,5.11,46.11,18.71,0.62,scratch
UNIT-10339,LINE-A,905.84,169.01,50.7,34.03,1.28,47.98,31.48,1.8,crack
UNIT-10216,LINE-A,943.13,166.11,53.66,33.99,1.68,51.03,30.41,2.11,crack
UNIT-11342,LINE-A,869.73,185.37,47.63,39.55,1.64,41.54,17.91,2.93,hole
UNIT-12930,LINE-A,827.6,151.65,61.6,18.14,5.29,41.15,18.69,0.58,scratch
UNIT-13275,LINE-A,842.99,151.3,61.12,21.48,3.83,48.22,15.4,0.48,scratch
UNIT-12274,LINE-B,827.66,144.98,35.41,10.07,1.67,88.46,18.13,0.62,rust
UNIT-13368,LINE-B,837.09,152.21,63.73,14.42,6.55,41.95,15.06,0.37,scratch
UNIT-12375,LINE-C,833.49,149.56,31.91,12.26,1.59,80.01,15.51,0.53,rust
UNIT-10102,LINE-B,900.85,171.19,51.58,32.83,1.54,43.48,30.53,1.55,crack
UNIT-12520,LINE-A,827.87,148.14,34.64,17.01,0.71,91.87,16.52,0.54,rust
UNIT-10172,LINE-A,906.79,178.62,52.13,31.73,1.72,43.59,29.27,1.86,crack
UNIT-10108,LINE-A,919.68,178.19,45.41,33.02,1.27,35.39,30.55,2.5,crack
UNIT-12465,LINE-B,854.73,152.23,36.0,14.33,1.48,76.08,16.65,0.33,rust
UNIT-13484,LINE-A,834.6,144.38,58.88,21.76,5.39,47.05,16.6,0.67,scratch
UNIT-12578,LINE-B,831.77,148.97,30.53,8.6,2.07,77.23,18.54,0.56,rust
UNIT-12348,LINE-B,843.07,154.47,36.74,12.44,2.08,85.4,19.58,0.48,rust
UNIT-12660,LINE-C,842.25,142.53,37.67,11.75,1.62,74.42,19.54,0.49,rust
UNIT-13007,LINE-C,847.11,150.2,71.12,18.24,3.99,40.35,19.0,0.57,scratch
UNIT-12355,LINE-B,819.91,148.44,38.74,12.25,1.21,75.91,18.73,0.25,rust
UNIT-12635,LINE-A,824.51,151.12,32.56,13.89,1.74,75.56,19.41,0.59,rust
UNIT-12729,LINE-B,833.74,154.64,32.51,12.17,1.32,75.65,18.05,0.55,rust
UNIT-13229,LINE-B,838.85,143.28,61.59,13.51,6.27,37.18,14.86,0.46,scratch
UNIT-11041,LINE-A,886.19,197.55,51.18,36.19,1.14,51.03,16.69,2.66,hole
UNIT-12121,LINE-A,841.8,146.35,32.25,16.85,1.65,76.47,14.98,0.43,rust
UNIT-11525,LINE-B,841.31,153.96,48.3,30.17,1.56,47.14,15.39,0.85,normal
UNIT-12986,LINE-B,840.58,150.72,69.61,17.61,4.9,44.0,17.29,0.44,scratch
UNIT-10482,LINE-C,885.8,174.49,51.45,34.82,1.41,44.4,30.55,1.29,crack
UNIT-12499,LINE-A,839.1,153.01,32.08,11.82,1.53,69.89,16.63,0.46,rust
UNIT-12595,LINE-C,844.6,152.15,46.63,20.36,1.8,71.88,19.34,0.42,rust
UNIT-11763,LINE-B,848.84,152.64,50.91,31.08,1.83,48.81,19.41,0.42,normal
UNIT-12855,LINE-A,849.5,148.39,64.06,12.79,5.71,44.04,16.98,0.57,scratch
UNIT-12963,LINE-A,837.94,152.28,74.22,19.43,5.65,44.36,16.89,0.62,scratch
UNIT-12430,LINE-C,834.9,154.3,33.59,11.53,1.56,86.39,18.91,0.63,rust
UNIT-12400,LINE-A,843.83,141.98,31.7,19.0,1.36,78.37,17.25,0.87,rust
UNIT-10406,LINE-B,865.61,173.67,48.83,30.48,2.01,41.39,24.81,2.23,crack
UNIT-10758,LINE-B,892.94,189.87,48.05,31.47,1.18,43.55,17.26,2.77,hole
UNIT-12620,LINE-A,837.77,154.37,36.4,19.63,1.33,83.85,15.82,0.52,rust
UNIT-10098,LINE-A,900.32,182.47,50.26,31.87,1.37,42.88,25.53,1.73,crack
UNIT-11334,LINE-B,872.19,200.6,54.39,30.71,1.49,44.12,18.04,1.61,hole
UNIT-12784,LINE-B,843.01,149.11,41.54,14.45,1.6,82.39,16.45,0.63,rust
UNIT-13234,LINE-B,855.99,153.69,67.25,21.41,5.28,38.66,18.17,0.33,scratch
UNIT-12310,LINE-C,842.79,149.18,35.32,18.87,1.4,70.91,16.99,0.42,rust
UNIT-12059,LINE-C,836.97,141.05,50.77,32.36,1.4,36.18,16.59,0.61,normal
UNIT-12469,LINE-B,839.98,147.43,34.64,12.31,1.37,81.89,16.95,0.21,rust
UNIT-10149,LINE-B,893.19,174.41,48.9,27.58,1.53,35.73,27.75,0.92,crack
UNIT-10029,LINE-A,896.32,182.35,48.29,31.9,1.98,47.08,28.6,1.38,crack
UNIT-12402,LINE-A,848.11,147.63,32.77,13.17,1.19,85.97,15.4,0.62,rust
UNIT-12313,LINE-C,839.7,154.46,39.82,9.87,1.59,81.89,16.33,0.57,rust
UNIT-10693,LINE-C,877.84,164.26,52.93,30.91,2.38,47.47,32.65,1.51,crack
UNIT-11387,LINE-B,858.16,172.41,50.97,34.53,1.83,44.35,18.84,2.23,hole
UNIT-11846,LINE-A,836.9,148.32,49.57,34.89,1.8,47.83,17.07,0.29,normal
UNIT-12405,LINE-A,851.04,154.27,36.06,18.84,1.89,82.43,17.34,0.59,rust
UNIT-11600,LINE-A,847.21,158.12,54.13,30.93,1.54,42.35,15.99,0.22,normal
UNIT-10702,LINE-B,875.69,199.04,51.47,29.68,1.71,46.23,17.16,2.05,hole
UNIT-11709,LINE-C,850.56,153.62,49.43,28.74,1.4,41.39,17.93,0.51,normal
UNIT-10455,LINE-A,931.28,168.79,52.2,30.46,1.41,39.82,28.09,1.27,crack
UNIT-12041,LINE-A,842.9,155.04,51.46,33.31,1.47,43.16,16.62,0.26,normal
UNIT-13072,LINE-A,856.86,142.6,69.95,17.63,5.74,45.36,19.82,0.76,scratch
UNIT-10610,LINE-B,938.2,166.92,50.97,34.72,1.56,41.37,27.59,1.82,crack
UNIT-10168,LINE-A,920.18,169.02,51.65,33.88,1.12,40.95,33.14,2.05,crack
UNIT-10731,LINE-A,865.65,181.09,42.69,29.71,1.26,44.87,18.91,2.04,hole
UNIT-12529,LINE-B,830.05,145.08,31.55,10.57,2.0,78.05,17.59,0.59,rust
UNIT-13134,LINE-A,830.09,160.15,72.92,20.43,4.85,40.2,17.99,0.54,scratch
UNIT-12330,LINE-A,834.12,154.09,29.4,14.94,1.43,83.79,16.48,0.4,rust
UNIT-11623,LINE-B,841.35,152.99,53.24,33.21,1.88,40.47,17.87,0.57,normal
UNIT-10588,LINE-A,906.21,168.44,46.49,36.18,1.59,43.77,32.86,1.36,crack
UNIT-11402,LINE-C,852.78,154.29,49.11,31.83,1.77,47.87,17.48,0.67,normal
UNIT-11701,LINE-C,838.31,148.6,49.25,31.45,1.42,43.59,16.09,0.53,normal
UNIT-13190,LINE-C,831.87,149.6,63.68,20.12,5.31,44.56,19.82,0.61,scratch
UNIT-12760,LINE-B,840.12,141.65,30.47,11.53,1.31,81.0,15.66,0.47,rust
UNIT-11380,LINE-A,886.6,195.96,43.99,32.03,1.52,45.56,16.02,2.42,hole
UNIT-12090,LINE-C,841.32,152.37,46.43,32.32,1.46,46.03,15.89,0.41,normal
UNIT-12176,LINE-B,847.28,152.03,34.37,14.71,1.72,84.6,18.05,0.51,rust
UNIT-12532,LINE-A,852.55,154.62,33.92,22.66,1.57,75.72,17.49,0.57,rust
UNIT-12257,LINE-A,841.26,150.17,26.91,11.91,1.97,86.11,14.4,0.39,rust
UNIT-12841,LINE-B,825.06,150.03,74.22,10.03,4.72,46.31,16.42,0.65,scratch
UNIT-10442,LINE-B,909.94,180.2,52.98,30.36,1.93,41.81,28.27,1.49,crack
UNIT-12052,LINE-A,832.6,154.67,48.8,31.99,1.69,35.6,14.81,0.51,normal
UNIT-11302,LINE-C,899.39,184.45,51.89,34.6,1.61,37.35,18.96,1.75,hole
UNIT-12961,LINE-B,845.08,149.57,61.1,13.58,4.08,47.15,16.5,0.68,scratch
UNIT-11305,LINE-C,882.58,184.1,51.9,34.47,1.59,50.32,16.18,2.69,hole
UNIT-10237,LINE-C,913.51,169.07,54.26,31.85,0.6,38.12,28.43,1.8,crack
UNIT-10521,LINE-A,887.55,171.01,46.84,29.26,1.63,47.9,34.55,1.25,crack
UNIT-10736,LINE-A,865.77,177.02,52.85,29.88,1.76,47.08,17.5,2.72,hole
UNIT-13097,LINE-B,848.13,139.87,66.0,20.26,5.85,39.16,18.35,0.52,scratch
UNIT-12107,LINE-B,843.87,152.31,36.46,14.38,1.67,72.97,18.33,0.19,rust
UNIT-10593,LINE-B,909.62,178.17,45.23,33.54,1.94,38.53,28.14,1.8,crack
UNIT-11304,LINE-B,879.16,191.69,50.07,31.28,1.97,45.87,14.47,1.76,hole
UNIT-11388,LINE-C,867.72,168.95,50.86,34.17,1.14,47.33,16.49,2.0,hole
UNIT-12282,LINE-A,843.59,152.74,35.71,15.78,1.54,79.02,15.4,0.78,rust
UNIT-12606,LINE-A,836.92,153.74,38.58,14.77,1.61,88.7,18.96,0.43,rust
UNIT-13256,LINE-C,835.74,142.03,62.34,13.61,6.65,44.53,15.07,0.45,scratch
UNIT-10905,LINE-C,870.09,189.12,49.24,32.38,1.38,44.1,18.77,1.98,hole
UNIT-12966,LINE-B,833.16,156.68,63.4,19.2,4.91,39.65,16.18,0.41,scratch
UNIT-11280,LINE-A,880.77,173.4,45.37,32.78,1.95,49.45,15.56,2.19,hole
UNIT-13141,LINE-A,851.96,147.2,60.29,18.32,6.26,47.88,18.23,0.55,scratch
UNIT-13358,LINE-A,832.01,150.64,59.42,14.09,4.0,40.54,20.19,0.36,scratch
UNIT-12782,LINE-A,848.12,152.82,35.55,10.43,1.22,69.86,14.49,0.45,rust
UNIT-13163,LINE-A,842.98,152.31,56.69,15.98,4.15,44.76,18.88,0.57,scratch
UNIT-12925,LINE-A,855.32,149.24,63.04,22.42,4.97,42.41,15.72,0.34,scratch
UNIT-10707,LINE-B,878.25,204.49,49.0,28.33,1.84,40.29,17.32,2.93,hole
UNIT-13082,LINE-B,844.17,146.43,68.8,15.89,5.01,44.76,14.28,0.42,scratch
UNIT-10746,LINE-B,887.38,183.2,49.81,32.18,1.21,42.77,16.78,2.4,hole
UNIT-11940,LINE-B,847.34,143.68,53.21,33.98,2.02,43.37,16.26,0.51,normal
UNIT-12305,LINE-A,847.17,155.24,37.38,13.07,1.49,73.92,18.58,0.37,rust
UNIT-10514,LINE-A,906.16,174.0,51.38,31.31,1.57,44.59,30.99,1.88,crack
UNIT-10082,LINE-B,888.48,155.73,46.04,33.52,1.84,45.7,33.42,1.69,crack
UNIT-11309,LINE-A,881.03,199.85,48.79,31.5,1.68,48.24,17.44,2.46,hole
UNIT-12904,LINE-B,839.18,150.98,73.45,17.96,4.82,40.45,18.71,0.48,scratch
UNIT-10915,LINE-B,844.77,182.03,50.37,30.08,1.48,49.32,17.61,1.87,hole
UNIT-13223,LINE-B,843.58,145.41,64.45,14.94,5.07,40.64,17.99,0.3,scratch
UNIT-13207,LINE-B,828.5,157.92,64.08,17.16,4.56,48.35,18.7,0.37,scratch
UNIT-10775,LINE-C,877.67,201.37,52.42,28.23,1.75,47.61,16.38,1.67,hole
UNIT-10330,LINE-A,914.46,182.83,52.4,32.92,1.25,44.69,33.7,2.02,crack
UNIT-12055,LINE-B,827.26,145.41,50.34,32.96,1.98,41.94,15.64,0.42,normal
UNIT-12002,LINE-B,829.91,151.29,52.11,31.99,1.12,45.54,16.92,0.48,normal
UNIT-10944,LINE-A,877.5,181.6,54.63,31.41,1.27,39.43,17.25,2.1,hole
UNIT-10823,LINE-A,882.64,193.19,49.26,33.27,1.61,55.05,12.47,2.57,hole
UNIT-10910,LINE-B,881.03,180.77,53.14,34.5,1.74,46.53,20.24,2.22,hole
UNIT-10182,LINE-A,894.47,166.8,55.06,32.01,1.54,42.57,29.06,1.5,crack
UNIT-10165,LINE-A,885.64,177.19,55.83,32.38,2.19,43.03,29.42,2.23,crack
UNIT-11524,LINE-B,835.52,158.47,48.27,32.88,1.51,42.77,16.07,0.6,normal
UNIT-10452,LINE-C,883.28,180.2,47.73,35.37,1.85,44.09,36.71,1.07,crack
UNIT-11312,LINE-C,889.94,191.43,47.93,34.38,1.89,48.12,19.27,2.1,hole
UNIT-11112,LINE-C,891.6,189.15,47.33,31.27,1.96,38.41,19.01,1.72,hole
UNIT-12901,LINE-B,841.12,150.16,69.28,10.61,5.14,39.69,16.6,0.43,scratch
UNIT-11288,LINE-C,898.37,189.35,48.31,29.12,1.46,48.94,17.17,2.62,hole
UNIT-10328,LINE-C,913.67,175.69,51.07,32.76,1.43,43.48,34.99,1.72,crack
UNIT-11791,LINE-A,828.59,139.42,50.75,28.46,1.88,49.76,14.84,0.54,normal
UNIT-13099,LINE-C,842.09,146.04,72.06,24.42,5.87,46.59,18.87,0.75,scratch
UNIT-12008,LINE-B,831.45,152.7,50.8,30.46,1.27,49.75,17.54,0.3,normal
UNIT-11859,LINE-A,836.84,151.94,52.94,31.21,1.72,42.74,13.56,0.49,normal
UNIT-10313,LINE-B,888.37,166.46,49.43,33.24,1.18,42.37,26.92,2.07,crack
UNIT-10833,LINE-A,864.02,191.83,48.86,32.31,1.35,42.2,19.71,2.17,hole
UNIT-11202,LINE-A,861.79,188.07,46.4,31.59,1.29,47.97,17.87,1.73,hole
UNIT-13310,LINE-B,837.78,145.99,69.78,11.48,5.44,41.88,17.87,0.53,scratch
UNIT-12304,LINE-B,831.75,146.43,38.71,18.52,1.77,72.16,15.6,0.59,rust
UNIT-12135,LINE-B,834.14,164.05,38.61,9.14,1.91,75.05,16.14,0.88,rust
UNIT-12210,LINE-B,838.14,141.55,34.02,14.52,1.49,69.52,16.92,0.46,rust
UNIT-12899,LINE-A,849.88,140.03,60.56,11.82,4.54,45.34,16.49,0.18,scratch
UNIT-11482,LINE-A,837.21,155.16,48.22,33.09,1.31,43.24,17.49,0.35,normal
UNIT-10778,LINE-C,884.37,195.38,50.88,30.58,1.2,42.35,15.91,2.0,hole
UNIT-10800,LINE-B,878.61,186.09,48.75,30.47,1.95,38.67,18.21,2.88,hole
UNIT-10055,LINE-B,886.1,176.34,47.19,31.7,1.6,38.72,32.01,1.09,crack
UNIT-11921,LINE-A,832.59,147.87,48.67,36.85,1.22,40.83,16.17,0.43,normal
UNIT-13015,LINE-B,842.35,155.88,63.9,13.58,4.62,51.94,16.62,0.61,scratch
UNIT-13117,LINE-B,835.64,148.96,65.44,16.37,4.51,47.63,18.53,0.5,scratch
UNIT-11702,LINE-A,844.74,149.9,45.26,30.07,1.6,44.36,14.89,0.27,normal
UNIT-12162,LINE-B,846.77,159.73,35.93,10.8,1.58,76.55,16.4,0.5,rust
UNIT-13277,LINE-A,847.29,145.35,59.49,17.97,5.0,37.62,16.97,0.43,scratch
UNIT-10988,LINE-A,871.34,193.97,48.53,27.8,1.58,48.39,18.89,2.05,hole
UNIT-12523,LINE-A,845.74,147.92,29.87,18.14,2.19,67.99,17.96,0.33,rust
UNIT-11395,LINE-C,878.06,186.54,45.76,35.47,1.49,38.53,16.18,1.75,hole
UNIT-10769,LINE-B,868.51,196.11,49.89,32.07,1.73,42.88,18.33,2.44,hole
UNIT-13096,LINE-C,841.09,157.82,69.81,13.39,4.55,44.22,16.02,0.45,scratch
UNIT-10286,LINE-B,927.2,176.42,51.23,33.14,1.66,43.6,35.01,1.3,crack
UNIT-13079,LINE-B,829.02,155.13,67.91,15.71,6.36,40.66,18.88,0.51,scratch
UNIT-10429,LINE-B,880.76,178.85,50.19,29.95,1.67,40.02,30.46,2.19,crack
UNIT-12080,LINE-A,843.89,144.19,47.0,32.25,1.28,43.47,15.95,0.37,normal
UNIT-10723,LINE-B,875.06,190.47,47.17,33.15,2.34,43.56,18.43,1.97,hole
UNIT-10952,LINE-A,871.3,193.6,51.34,33.54,1.6,36.25,15.17,1.91,hole
UNIT-12263,LINE-C,838.75,153.09,32.64,13.93,1.21,73.3,15.34,0.72,rust
UNIT-10990,LINE-A,877.94,203.49,49.07,29.5,1.07,45.94,17.76,2.18,hole
UNIT-13260,LINE-B,841.72,145.61,74.92,13.43,6.29,46.91,16.79,0.17,scratch
UNIT-12376,LINE-C,845.1,150.95,33.0,11.49,2.1,79.55,18.1,0.35,rust
UNIT-10327,LINE-C,897.08,157.77,51.75,31.49,2.05,45.59,32.67,2.21,crack
UNIT-11384,LINE-B,881.63,188.67,50.65,34.54,1.28,39.83,18.98,2.67,hole
UNIT-11725,LINE-B,843.07,144.56,45.15,32.11,1.72,50.82,20.09,0.46,normal
UNIT-11087,LINE-A,882.59,186.73,50.67,33.27,1.84,51.97,19.73,2.57,hole
UNIT-10342,LINE-C,881.59,176.08,47.52,30.73,1.66,45.19,30.78,1.53,crack
UNIT-10148,LINE-B,940.65,183.58,50.19,28.8,1.53,40.63,34.26,1.68,crack
UNIT-12728,LINE-A,844.65,151.06,37.25,12.4,0.99,89.08,18.84,0.49,rust
UNIT-11108,LINE-A,874.88,192.83,45.27,30.43,1.49,41.24,16.49,2.6,hole
UNIT-10849,LINE-C,891.53,180.03,48.23,33.09,1.51,43.68,16.69,2.52,hole
UNIT-10967,LINE-A,883.36,196.95,49.31,32.07,1.38,43.4,16.27,1.96,hole
UNIT-12869,LINE-B,841.68,155.78,57.54,22.49,6.48,34.79,14.87,0.32,scratch
UNIT-12204,LINE-A,829.99,146.3,36.82,10.42,1.76,69.85,19.75,0.65,rust
UNIT-10662,LINE-C,870.88,177.83,46.28,29.75,1.72,39.3,33.11,2.0,crack
UNIT-11003,LINE-A,905.28,200.08,51.63,30.04,1.34,47.5,19.0,2.64,hole
UNIT-13333,LINE-B,848.13,152.77,56.77,17.61,5.35,44.57,17.95,0.13,scratch
UNIT-13029,LINE-A,839.02,156.86,69.63,15.07,5.28,47.79,14.08,0.51,scratch
UNIT-12733,LINE-A,840.45,157.29,37.12,13.03,1.6,83.85,14.65,0.55,rust
UNIT-13098,LINE-B,842.33,149.89,63.6,20.12,4.71,46.0,19.25,0.61,scratch
UNIT-11880,LINE-C,841.4,144.32,47.25,33.45,1.86,44.11,15.16,0.51,normal
UNIT-13288,LINE-B,827.99,150.63,72.6,17.77,4.25,39.7,16.84,0.64,scratch
UNIT-11204,LINE-A,861.55,188.9,46.97,33.39,0.84,39.96,19.1,2.77,hole
UNIT-11991,LINE-A,842.7,144.06,48.24,34.09,1.55,42.33,18.13,0.47,normal
UNIT-10025,LINE-B,921.5,177.96,51.38,30.58,1.06,39.12,32.58,2.18,crack
UNIT-13281,LINE-A,839.43,152.88,69.34,15.73,5.81,39.89,16.33,0.55,scratch
UNIT-12373,LINE-B,848.0,151.33,35.56,15.31,1.56,79.11,15.56,0.65,rust
UNIT-13477,LINE-B,827.13,146.8,74.26,16.83,4.14,39.82,17.49,0.51,scratch
UNIT-12687,LINE-B,837.27,143.43,31.39,16.51,1.39,75.38,16.61,0.44,rust
UNIT-10876,LINE-B,870.9,173.54,50.21,32.09,2.05,47.11,15.81,1.83,hole
UNIT-13144,LINE-A,837.8,139.76,67.5,12.85,5.03,44.46,18.78,0.77,scratch
UNIT-10939,LINE-A,897.73,186.24,54.06,31.67,1.91,41.55,17.34,1.93,hole
UNIT-12919,LINE-C,839.41,151.03,71.66,16.79,4.11,45.24,14.49,0.3,scratch
UNIT-13466,LINE-A,846.99,156.28,58.68,19.4,6.01,40.92,16.85,0.43,scratch
UNIT-10386,LINE-B,898.65,173.33,51.05,34.62,1.54,47.75,28.9,1.32,crack
UNIT-13293,LINE-A,843.55,143.08,68.24,13.78,4.42,38.3,18.36,0.49,scratch
UNIT-13212,LINE-C,836.61,146.16,69.45,15.22,4.11,45.85,16.68,0.58,scratch
UNIT-12572,LINE-B,854.87,155.78,33.73,13.86,1.62,70.8,15.18,0.73,rust
UNIT-12292,LINE-B,832.63,155.01,32.09,17.49,1.58,77.34,19.37,0.5,rust
UNIT-12862,LINE-C,851.17,150.03,71.98,11.51,3.73,42.49,17.16,0.39,scratch
UNIT-10937,LINE-B,868.29,183.77,50.08,32.05,1.73,37.89,15.85,2.53,hole
UNIT-13009,LINE-C,833.98,153.35,60.53,21.16,6.17,40.83,15.85,0.55,scratch
UNIT-12361,LINE-A,834.03,155.94,31.12,16.49,1.67,75.3,18.44,0.46,rust
UNIT-13412,LINE-A,848.86,153.13,65.19,16.31,5.44,44.22,16.74,0.5,scratch
UNIT-11333,LINE-C,892.29,196.9,53.48,28.71,1.48,53.1,16.93,2.82,hole
UNIT-11935,LINE-B,849.62,151.38,51.41,31.05,1.54,40.68,17.46,0.46,normal
UNIT-10936,LINE-C,875.5,186.09,48.13,33.74,1.69,42.64,15.69,2.26,hole
UNIT-10567,LINE-A,917.4,177.54,51.03,32.58,1.54,37.98,31.74,2.1,crack
UNIT-11855,LINE-A,826.93,151.81,52.62,29.35,1.71,39.82,18.76,0.26,normal
UNIT-13438,LINE-B,838.49,151.28,57.85,14.94,4.36,45.9,18.36,0.82,scratch
UNIT-11646,LINE-C,840.32,146.74,49.66,31.64,1.6,47.77,19.64,0.37,normal
UNIT-12484,LINE-A,845.82,151.92,35.39,14.05,1.93,79.1,17.3,0.42,rust
UNIT-11793,LINE-A,844.51,160.86,48.22,36.87,1.64,36.13,19.39,0.43,normal
UNIT-11431,LINE-C,850.0,145.28,55.78,31.38,1.76,44.02,15.38,0.62,normal
UNIT-12709,LINE-C,845.08,157.18,35.75,12.47,0.99,84.36,20.2,0.31,rust
UNIT-11014,LINE-B,890.26,188.52,50.86,30.71,1.61,38.08,15.32,2.16,hole
UNIT-11929,LINE-C,842.53,137.9,51.95,31.88,1.78,46.0,17.47,0.44,normal
UNIT-12632,LINE-A,846.02,150.96,35.73,14.47,2.01,74.91,16.72,0.67,rust
UNIT-10127,LINE-B,894.59,187.67,48.92,30.23,1.35,43.46,35.7,1.67,crack
UNIT-13227,LINE-A,831.21,147.06,62.57,19.3,3.86,45.24,16.9,0.66,scratch
UNIT-11348,LINE-A,889.27,189.52,49.72,27.41,1.83,47.58,17.56,2.8,hole
UNIT-10356,LINE-B,887.54,180.88,48.53,33.4,1.61,37.83,34.92,2.47,crack
UNIT-10828,LINE-A,866.41,182.19,43.79,29.92,1.35,41.84,15.92,2.13,hole
UNIT-11640,LINE-B,847.23,139.94,45.67,31.0,1.69,49.3,17.09,0.46,normal
UNIT-10985,LINE-B,906.79,182.52,49.34,30.53,1.69,43.27,17.38,3.08,hole
UNIT-12189,LINE-B,832.32,154.44,34.5,16.54,1.78,79.1,15.19,0.78,rust
UNIT-12973,LINE-C,831.51,146.87,59.97,16.3,4.44,35.67,19.38,0.75,scratch
UNIT-10363,LINE-A,902.58,180.17,52.62,33.52,1.88,41.64,31.23,1.1,crack
UNIT-12350,LINE-C,840.64,156.62,35.97,9.5,2.13,83.75,15.72,0.22,rust
UNIT-10346,LINE-A,897.57,169.11,53.9,28.94,2.09,42.51,28.18,0.89,crack
UNIT-12412,LINE-B,843.05,154.53,35.72,16.68,1.11,78.65,17.73,0.47,rust
UNIT-12964,LINE-A,834.51,155.19,61.76,16.34,4.03,45.47,16.37,0.42,scratch
UNIT-10712,LINE-A,878.39,187.05,48.05,34.42,1.57,44.19,19.45,2.62,hole
UNIT-12415,LINE-C,842.31,143.45,31.98,15.6,2.12,84.14,17.51,0.68,rust
UNIT-10011,LINE-A,882.91,183.74,53.51,34.78,1.34,44.31,24.67,2.05,crack
UNIT-12814,LINE-A,843.2,161.5,58.01,23.99,6.93,43.29,16.25,0.3,scratch
UNIT-12117,LINE-B,839.99,143.93,38.58,17.43,1.45,71.08,16.43,0.46,rust
UNIT-11835,LINE-C,826.08,157.1,50.29,34.83,1.38,41.38,18.55,0.46,normal
UNIT-10794,LINE-C,872.51,199.27,50.55,29.25,1.91,43.48,16.6,1.76,hole
UNIT-13228,LINE-A,821.96,149.73,71.77,14.24,4.62,38.59,17.33,0.75,scratch
UNIT-10095,LINE-C,872.53,160.45,52.62,33.14,1.82,46.54,32.38,1.45,crack
UNIT-10130,LINE-A,917.35,192.99,54.15,31.09,1.42,45.88,30.07,1.23,crack
UNIT-12372,LINE-A,834.07,147.96,33.02,10.19,1.86,66.3,18.03,0.43,rust
UNIT-12619,LINE-B,847.89,151.95,28.21,13.82,1.21,87.87,17.18,0.35,rust
UNIT-13390,LINE-B,830.73,145.29,68.58,16.82,4.64,45.1,15.2,0.66,scratch
UNIT-12264,LINE-A,845.22,151.77,28.13,17.14,1.39,73.78,17.17,0.43,rust
UNIT-11901,LINE-C,849.23,151.1,48.85,33.47,1.47,44.42,16.43,0.54,normal
UNIT-12563,LINE-B,848.9,148.19,38.27,19.08,2.3,79.45,15.17,0.46,rust
UNIT-12790,LINE-C,827.09,155.99,38.59,21.95,1.86,73.3,18.59,0.46,rust
UNIT-11933,LINE-C,845.06,145.96,49.89,28.95,1.84,43.4,17.84,0.47,normal
UNIT-12515,LINE-B,855.16,148.0,35.61,20.57,1.56,77.61,15.9,0.46,rust
UNIT-11866,LINE-B,830.7,139.66,44.18,33.54,1.41,42.18,17.73,0.42,normal
UNIT-11659,LINE-A,842.76,150.27,51.78,31.85,1.54,45.32,19.54,0.33,normal
UNIT-10517,LINE-B,877.13,163.05,48.21,31.31,1.69,41.74,26.57,1.32,crack
UNIT-11858,LINE-C,844.76,143.86,49.19,34.39,1.24,49.91,15.4,0.63,normal
UNIT-12244,LINE-A,839.36,144.5,30.04,12.88,1.93,82.04,16.84,0.69,rust
UNIT-11278,LINE-A,867.1,193.25,48.38,32.23,1.74,41.42,16.14,1.72,hole
UNIT-13375,LINE-B,840.39,155.81,71.42,10.69,4.62,40.41,16.71,0.46,scratch
UNIT-10951,LINE-B,864.25,206.66,49.84,34.33,1.73,45.75,16.63,1.97,hole
UNIT-11121,LINE-B,888.63,191.57,49.64,31.9,1.8,43.34,15.93,2.08,hole
UNIT-12205,LINE-B,841.74,141.16,33.24,14.34,1.69,89.1,16.17,0.38,rust
UNIT-10420,LINE-A,887.49,177.05,48.36,31.9,1.81,56.45,28.11,1.32,crack
UNIT-10923,LINE-C,899.28,191.79,49.85,28.75,0.89,41.06,17.62,2.09,hole
UNIT-12575,LINE-A,830.42,145.24,34.45,16.82,1.21,73.78,17.52,0.64,rust
UNIT-10478,LINE-A,925.3,173.45,50.83,29.91,2.11,46.1,34.12,1.12,crack
UNIT-12036,LINE-C,820.65,150.41,50.91,31.23,1.34,44.64,15.59,0.78,normal
UNIT-12757,LINE-A,838.81,143.31,33.97,9.43,1.26,69.25,17.53,0.45,rust
UNIT-11693,LINE-B,839.67,150.64,50.79,35.13,1.81,47.99,16.81,0.72,normal
UNIT-12589,LINE-B,841.35,149.97,33.42,9.9,1.48,85.93,20.59,0.5,rust
UNIT-11472,LINE-C,822.16,148.68,47.05,30.23,2.01,44.8,15.55,0.41,normal
UNIT-11203,LINE-B,889.36,183.34,52.56,32.75,1.79,41.79,18.12,1.68,hole
UNIT-11670,LINE-C,839.34,159.69,51.83,33.7,1.55,44.88,16.35,0.62,normal
UNIT-13241,LINE-A,823.38,149.54,72.6,13.66,4.95,41.35,18.02,0.59,scratch
UNIT-11971,LINE-A,816.98,147.21,48.26,30.02,1.66,38.12,18.8,0.64,normal
UNIT-12152,LINE-A,859.13,142.24,29.56,20.63,1.3,69.26,17.26,0.39,rust
UNIT-10821,LINE-B,873.33,192.4,51.07,28.01,1.78,41.8,16.21,2.77,hole
UNIT-11998,LINE-B,841.36,147.43,47.42,31.32,1.81,44.18,19.18,0.61,normal
UNIT-13346,LINE-B,836.14,151.2,67.55,14.75,4.08,46.51,16.42,0.53,scratch
UNIT-11249,LINE-B,888.91,179.51,49.0,36.14,1.27,43.99,17.7,2.37,hole
UNIT-12571,LINE-A,842.39,145.17,31.69,14.09,1.64,70.99,20.14,0.59,rust
UNIT-13147,LINE-B,842.0,147.89,68.39,11.97,5.88,40.35,18.2,0.54,scratch
UNIT-12191,LINE-B,829.77,150.35,39.11,14.45,1.77,76.33,17.23,0.5,rust
UNIT-13049,LINE-C,832.4,152.12,71.74,16.67,3.7,43.51,18.13,0.58,scratch
UNIT-11047,LINE-C,899.31,177.09,45.24,28.57,1.72,45.75,16.59,2.75,hole
UNIT-11889,LINE-C,838.8,153.64,49.34,32.3,1.17,42.98,18.39,0.3,normal
UNIT-10616,LINE-B,894.56,169.8,49.91,28.52,1.61,48.84,31.42,1.58,crack
UNIT-11319,LINE-A,877.06,184.67,51.87,33.89,1.91,45.32,17.91,2.17,hole
UNIT-13366,LINE-A,840.6,159.76,68.55,17.37,4.33,44.52,16.3,0.44,scratch
UNIT-13403,LINE-B,851.93,145.07,60.12,20.74,4.85,43.98,18.47,0.3,scratch
UNIT-13416,LINE-B,838.37,147.38,69.59,23.36,5.98,44.97,16.59,0.53,scratch
UNIT-12137,LINE-B,838.09,153.29,44.42,17.41,1.8,92.02,19.52,0.73,rust
UNIT-13186,LINE-A,839.68,151.35,63.95,15.31,6.12,40.33,16.35,0.19,scratch
UNIT-11773,LINE-B,841.83,157.47,48.04,29.4,1.08,49.02,18.35,0.46,normal
UNIT-13443,LINE-A,841.27,154.66,61.18,15.63,5.08,42.5,17.61,0.52,scratch
UNIT-10132,LINE-A,897.15,174.55,51.84,31.44,1.62,46.06,32.47,1.81,crack
UNIT-10078,LINE-A,927.21,166.32,48.61,35.76,1.17,35.2,27.87,1.84,crack
UNIT-12053,LINE-B,845.43,141.51,48.67,28.75,1.77,39.16,16.57,0.49,normal
UNIT-10725,LINE-A,900.38,197.62,46.82,34.17,1.26,38.9,16.4,2.01,hole
UNIT-11315,LINE-A,897.19,179.1,52.05,28.21,1.6,41.31,17.87,1.74,hole
UNIT-11852,LINE-B,851.44,152.91,50.38,34.8,1.84,34.83,15.42,0.55,normal
UNIT-13409,LINE-A,839.74,145.19,64.99,21.27,5.34,46.96,16.75,0.16,scratch
UNIT-12683,LINE-B,833.48,145.52,36.98,10.45,1.98,80.07,16.98,0.37,rust
UNIT-12894,LINE-C,833.8,148.55,60.93,14.55,6.49,43.95,18.54,0.26,scratch
UNIT-11373,LINE-B,879.1,204.72,51.28,34.14,1.16,42.37,17.09,2.54,hole
UNIT-11856,LINE-B,841.08,154.7,50.86,33.51,1.25,42.05,17.59,0.68,normal
UNIT-11320,LINE-A,889.09,179.14,49.05,33.73,1.7,40.55,17.07,2.71,hole
UNIT-13353,LINE-A,826.69,151.8,65.28,16.03,5.93,35.13,14.58,0.62,scratch
UNIT-12542,LINE-A,855.18,149.47,35.1,11.15,1.63,71.73,16.87,0.5,rust
UNIT-10376,LINE-A,914.59,173.15,47.01,32.57,1.35,46.21,27.07,1.77,crack
UNIT-11909,LINE-C,825.42,145.56,46.64,32.99,1.64,37.75,14.54,0.39,normal
UNIT-10334,LINE-A,913.95,175.23,50.89,32.38,1.75,49.79,31.88,1.58,crack
UNIT-13478,LINE-B,849.03,143.81,58.47,17.58,6.22,41.06,17.85,0.39,scratch
UNIT-12689,LINE-B,845.05,146.31,33.04,14.48,1.43,65.08,16.45,0.52,rust
UNIT-12366,LINE-A,838.49,149.28,34.5,15.73,1.86,93.04,16.01,0.49,rust
UNIT-11605,LINE-A,847.57,138.35,53.94,33.4,1.89,39.92,18.18,0.64,normal
UNIT-11119,LINE-C,857.97,160.02,47.64,31.26,1.58,42.92,21.2,2.05,hole
UNIT-13300,LINE-A,824.3,151.62,63.72,15.19,4.59,42.64,15.76,0.6,scratch
UNIT-11944,LINE-C,832.15,162.11,53.41,32.38,2.07,48.85,17.12,0.55,normal
UNIT-12646,LINE-A,834.72,143.95,37.39,19.32,1.48,70.3,16.98,0.25,rust
UNIT-12377,LINE-B,843.4,149.9,38.32,10.9,1.99,67.44,17.92,0.59,rust
UNIT-12937,LINE-C,838.16,157.23,53.97,18.8,5.9,36.59,18.11,0.48,scratch
UNIT-11343,LINE-C,899.65,185.9,46.34,33.13,1.78,49.19,17.07,1.92,hole
UNIT-10321,LINE-A,896.06,170.9,51.39,31.73,1.72,41.8,33.25,1.19,crack
UNIT-11620,LINE-C,846.78,148.89,48.36,29.06,1.89,44.05,17.32,0.66,normal
UNIT-12848,LINE-A,843.61,152.49,69.98,17.93,5.76,50.67,16.89,0.41,scratch
UNIT-12061,LINE-B,836.5,162.17,48.28,35.24,1.89,48.76,16.33,0.44,normal
UNIT-12220,LINE-C,843.67,148.72,42.05,12.44,1.56,74.27,19.45,0.41,rust
UNIT-11674,LINE-B,845.87,153.18,53.05,31.3,1.06,44.28,15.48,0.39,normal
UNIT-11943,LINE-A,845.03,151.19,51.96,30.8,0.75,48.4,18.14,0.74,normal
UNIT-10261,LINE-B,904.46,177.2,48.21,29.94,0.93,49.05,32.08,1.15,crack
UNIT-12743,LINE-A,838.84,146.44,31.13,11.18,1.9,78.61,18.56,0.53,rust
UNIT-12040,LINE-C,852.7,147.12,49.44,31.79,1.94,49.38,17.71,0.68,normal
UNIT-10690,LINE-B,883.41,161.39,45.87,33.93,1.76,45.8,34.76,1.13,crack
UNIT-10902,LINE-A,882.23,209.29,49.68,32.45,1.42,37.72,16.21,2.37,hole
UNIT-12307,LINE-C,847.25,152.69,40.06,16.73,1.52,83.92,19.35,0.62,rust
UNIT-12027,LINE-A,833.07,146.62,51.56,29.96,1.76,47.31,18.0,0.54,normal
UNIT-10139,LINE-C,908.49,182.58,52.87,34.86,1.24,42.98,32.24,1.16,crack
UNIT-11918,LINE-A,845.24,142.98,49.5,34.66,1.69,43.7,16.95,0.35,normal
UNIT-11829,LINE-A,842.22,149.62,51.65,30.89,1.34,50.69,14.58,0.55,normal
UNIT-11574,LINE-B,827.25,150.15,46.97,33.73,1.76,43.32,16.5,0.47,normal
UNIT-10320,LINE-A,900.21,175.12,50.09,28.06,1.8,47.24,24.38,1.66,crack
UNIT-10654,LINE-A,872.18,177.81,50.36,28.33,1.35,41.28,27.53,1.79,crack
UNIT-12138,LINE-A,837.62,149.73,31.94,15.82,1.71,81.94,15.22,0.62,rust
UNIT-12710,LINE-C,838.05,152.76,39.98,17.19,1.74,86.94,16.83,0.47,rust
UNIT-10559,LINE-C,882.61,170.21,49.31,32.97,1.48,37.65,24.39,1.66,crack
UNIT-12188,LINE-A,843.21,142.07,37.71,14.44,1.64,81.73,17.03,0.63,rust
UNIT-10113,LINE-A,904.7,191.12,47.39,31.58,1.56,47.96,32.51,1.85,crack
UNIT-10532,LINE-B,925.44,164.38,49.71,32.17,1.81,42.22,27.89,1.94,crack
UNIT-10225,LINE-A,880.85,172.84,52.9,30.38,1.71,45.26,25.08,1.96,crack
UNIT-10724,LINE-B,876.3,181.51,54.27,28.47,1.23,41.83,16.47,3.1,hole
UNIT-12827,LINE-B,843.55,147.58,61.93,21.16,3.92,51.82,18.98,0.62,scratch
UNIT-12997,LINE-B,832.53,152.26,60.54,17.05,5.69,44.04,20.25,0.39,scratch
UNIT-11434,LINE-A,839.14,157.76,50.56,29.3,1.24,50.69,16.07,0.36,normal
UNIT-12374,LINE-A,843.38,146.91,31.53,12.15,1.83,72.68,19.28,0.59,rust
UNIT-12718,LINE-C,838.58,151.37,34.51,20.15,1.33,80.34,15.4,0.52,rust
UNIT-12792,LINE-C,818.72,149.66,31.36,14.75,1.76,66.02,17.14,0.46,rust
UNIT-11459,LINE-B,833.45,148.94,47.26,29.55,1.76,41.9,15.63,0.32,normal
UNIT-13152,LINE-A,836.43,145.66,72.16,11.01,3.86,34.8,18.88,0.46,scratch
UNIT-10847,LINE-A,883.39,191.11,50.23,30.66,1.68,46.26,17.39,2.17,hole
UNIT-10194,LINE-B,887.2,180.69,50.58,33.0,1.8,45.69,29.71,2.18,crack
UNIT-11465,LINE-C,834.52,145.96,51.14,30.65,1.4,43.44,17.24,0.66,normal
UNIT-10947,LINE-B,877.23,190.77,48.12,32.31,1.48,43.03,18.14,2.37,hole
UNIT-12022,LINE-B,832.1,146.59,48.74,29.76,1.99,49.31,16.71,0.44,normal
UNIT-11630,LINE-A,854.04,148.34,53.48,31.37,1.31,50.98,17.78,0.5,normal
UNIT-10118,LINE-A,920.24,181.47,52.49,30.49,1.17,50.01,32.26,1.7,crack
UNIT-10646,LINE-B,908.15,173.69,52.23,29.77,1.4,47.98,31.54,1.38,crack
UNIT-11871,LINE-A,841.73,154.54,50.08,32.0,0.93,49.3,16.75,0.54,normal
UNIT-10004,LINE-B,910.81,171.6,51.85,32.34,1.57,42.8,26.35,1.64,crack
UNIT-10075,LINE-C,891.39,180.46,48.28,32.99,1.73,45.6,30.83,1.86,crack
UNIT-11756,LINE-A,845.82,149.26,48.03,31.55,1.59,36.28,16.79,0.3,normal
UNIT-10468,LINE-B,913.34,170.08,49.99,30.93,1.5,42.5,24.27,1.03,crack
UNIT-10006,LINE-B,905.56,170.53,50.9,30.71,1.71,50.15,29.22,1.46,crack
UNIT-11247,LINE-B,877.85,183.69,53.79,28.74,1.17,38.22,18.16,2.31,hole
UNIT-10920,LINE-C,888.15,184.94,53.49,32.66,1.31,40.42,18.09,2.52,hole
UNIT-10229,LINE-B,902.89,172.73,51.01,29.96,1.24,45.49,32.78,1.4,crack
UNIT-11064,LINE-C,893.99,181.35,47.85,31.98,1.61,44.92,17.63,2.5,hole
UNIT-10243,LINE-A,921.19,169.32,50.05,33.77,1.4,44.01,33.48,1.05,crack
UNIT-12665,LINE-A,832.93,145.9,34.57,15.39,1.44,84.34,18.26,0.43,rust
UNIT-11161,LINE-C,889.84,189.83,50.31,34.86,1.65,40.66,19.21,2.81,hole
UNIT-12929,LINE-A,846.95,155.11,58.68,20.24,3.91,41.15,17.56,0.36,scratch
UNIT-13495,LINE-A,837.41,153.78,70.78,13.44,4.35,38.62,20.99,0.55,scratch
UNIT-11527,LINE-A,833.11,141.26,52.92,31.64,1.82,42.76,17.81,0.85,normal
UNIT-11606,LINE-C,841.05,149.12,53.03,31.25,1.71,40.78,16.01,0.46,normal
UNIT-13252,LINE-A,853.12,160.04,68.03,13.63,4.19,49.05,19.78,0.33,scratch
UNIT-13474,LINE-B,843.26,161.94,66.43,19.15,3.87,46.5,16.69,0.41,scratch
UNIT-12716,LINE-A,848.69,146.24,36.1,15.0,1.48,74.72,16.5,0.32,rust
UNIT-12967,LINE-A,847.81,147.35,70.49,15.34,5.88,47.89,15.7,0.69,scratch
UNIT-11990,LINE-B,839.19,149.19,45.57,34.02,1.31,43.05,17.9,0.72,normal
UNIT-12741,LINE-A,835.6,150.66,31.33,14.13,1.21,62.9,16.23,0.59,rust
UNIT-12363,LINE-B,827.34,158.31,40.73,10.16,1.88,84.62,16.09,0.4,rust
UNIT-11976,LINE-B,836.59,151.56,51.28,33.18,1.72,46.32,17.07,0.34,normal
UNIT-11762,LINE-C,844.15,152.05,51.59,28.89,1.42,42.7,15.75,0.56,normal
UNIT-11306,LINE-A,877.95,176.0,50.23,32.87,2.02,47.55,17.95,3.03,hole
UNIT-11542,LINE-C,835.64,152.47,48.55,33.65,1.66,45.74,18.86,0.55,normal
UNIT-12473,LINE-A,828.12,143.91,41.29,15.83,1.84,65.94,14.74,0.5,rust
UNIT-10623,LINE-A,872.3,171.1,46.93,32.06,1.95,47.13,30.86,1.58,crack
UNIT-12701,LINE-B,827.59,149.58,30.85,18.09,1.62,66.85,17.06,0.54,rust
UNIT-11494,LINE-C,838.11,153.57,51.83,33.6,1.51,46.46,18.66,0.48,normal
UNIT-10111,LINE-C,894.86,178.27,45.49,30.71,0.73,45.17,31.62,1.16,crack
UNIT-12276,LINE-C,847.22,143.64,37.31,16.1,1.57,67.06,16.65,0.42,rust
UNIT-12649,LINE-C,854.76,152.88,32.47,18.19,1.31,79.01,17.83,0.46,rust
UNIT-11170,LINE-B,880.15,199.17,48.8,30.57,1.14,41.05,18.0,2.35,hole
UNIT-12865,LINE-B,841.95,153.35,65.81,19.63,6.1,39.09,15.14,0.45,scratch
UNIT-10233,LINE-A,914.58,170.1,48.35,30.59,1.08,43.08,25.71,1.31,crack
UNIT-10067,LINE-C,892.04,185.25,46.49,33.0,1.29,49.11,30.0,1.5,crack
UNIT-13159,LINE-A,842.66,141.79,73.59,16.44,4.84,44.2,16.22,0.56,scratch
UNIT-12073,LINE-C,842.75,144.81,49.56,31.14,1.88,45.85,15.99,0.41,normal
UNIT-12193,LINE-A,843.39,147.82,36.87,12.17,1.38,78.35,19.94,0.43,rust
UNIT-10537,LINE-B,906.47,185.42,47.57,35.46,1.89,40.3,26.9,1.16,crack
UNIT-10126,LINE-B,899.42,186.74,52.56,33.19,1.83,41.8,27.12,1.95,crack
UNIT-12134,LINE-A,847.83,161.06,37.4,20.0,1.6,73.5,17.85,0.47,rust
UNIT-11255,LINE-B,878.8,192.52,49.21,33.2,1.86,46.88,17.0,2.22,hole
UNIT-12892,LINE-A,834.95,155.46,65.07,16.19,3.9,45.02,14.36,0.49,scratch
UNIT-11977,LINE-A,847.17,147.47,48.24,31.88,1.33,40.98,17.46,0.62,normal
UNIT-12866,LINE-A,826.69,145.94,59.01,9.82,6.73,51.13,18.55,0.56,scratch
UNIT-12715,LINE-B,844.2,151.91,41.91,8.17,1.91,80.42,16.07,0.49,rust
UNIT-12076,LINE-C,842.88,137.88,51.91,30.84,1.39,42.71,16.46,0.39,normal
UNIT-10485,LINE-B,919.96,176.29,48.56,30.77,1.36,46.41,32.31,1.58,crack
UNIT-11655,LINE-C,860.13,146.58,45.46,30.45,1.37,40.95,18.36,0.55,normal
UNIT-13122,LINE-B,830.41,155.33,57.71,16.08,4.94,45.85,16.7,0.39,scratch
UNIT-12650,LINE-C,846.09,157.58,30.55,19.96,1.37,77.54,17.67,0.58,rust
UNIT-12801,LINE-A,839.47,152.58,67.41,21.37,6.17,42.98,16.72,0.62,scratch
UNIT-11775,LINE-B,834.45,140.89,48.89,32.01,1.92,44.48,18.11,0.65,normal
UNIT-12411,LINE-A,840.57,153.29,35.59,14.39,1.84,69.86,15.71,0.43,rust
UNIT-10919,LINE-A,887.62,196.14,47.82,31.96,2.04,46.08,17.44,2.5,hole
UNIT-11647,LINE-A,836.24,149.06,50.5,32.13,1.64,44.53,17.94,0.9,normal
UNIT-11027,LINE-C,873.19,181.44,50.33,33.33,1.67,51.58,16.66,2.36,hole
UNIT-11031,LINE-A,858.44,178.77,50.34,34.81,1.9,50.01,17.31,2.88,hole
UNIT-10883,LINE-A,882.47,183.1,48.89,31.49,1.51,43.61,17.88,2.46,hole
UNIT-11336,LINE-B,852.82,188.96,50.6,32.12,1.02,38.81,15.8,2.12,hole
UNIT-13214,LINE-A,831.38,148.8,62.96,14.41,5.98,45.92,16.33,0.69,scratch
UNIT-10365,LINE-B,910.66,178.74,50.04,29.31,1.25,40.62,32.03,1.21,crack
UNIT-12126,LINE-C,842.82,151.68,32.08,19.58,1.18,91.27,13.77,0.36,rust
UNIT-10028,LINE-A,920.82,170.95,48.82,32.46,1.17,38.37,29.51,2.16,crack
UNIT-10474,LINE-A,917.75,176.42,42.92,34.72,1.83,37.03,31.08,1.4,crack
UNIT-10526,LINE-B,886.25,184.12,48.5,32.28,1.62,47.88,26.84,1.55,crack
UNIT-10726,LINE-A,871.63,194.01,49.29,34.11,1.75,51.17,16.34,2.46,hole
UNIT-10056,LINE-B,888.11,160.2,56.43,32.12,1.6,43.9,27.2,1.64,crack
UNIT-10639,LINE-B,873.79,168.3,49.2,30.09,1.93,46.68,31.53,1.52,crack
UNIT-10303,LINE-C,891.01,180.52,52.51,30.6,1.83,48.22,31.57,1.85,crack
UNIT-13043,LINE-B,847.56,152.01,64.21,12.52,4.6,44.28,18.72,0.4,scratch
UNIT-11277,LINE-C,914.83,199.9,50.85,32.91,1.62,44.07,13.74,1.77,hole
UNIT-13075,LINE-A,840.39,148.57,69.35,17.61,4.19,48.69,16.75,0.51,scratch
UNIT-10625,LINE-A,890.61,174.59,47.95,33.08,1.52,42.48,34.01,1.14,crack
UNIT-12056,LINE-B,850.02,151.27,53.34,31.64,1.81,36.95,16.25,0.31,normal
UNIT-11281,LINE-C,884.89,191.21,53.21,31.51,1.62,50.08,16.66,2.75,hole
UNIT-11050,LINE-A,855.1,176.05,49.94,30.01,2.05,40.27,17.28,2.7,hole
UNIT-10337,LINE-B,879.88,165.42,48.21,30.78,2.07,44.12,25.54,2.0,crack
UNIT-10048,LINE-B,924.35,168.01,53.0,31.18,0.99,39.97,27.22,2.13,crack
UNIT-10107,LINE-C,921.89,183.08,50.19,34.45,1.38,44.9,32.03,1.2,crack
UNIT-12398,LINE-A,832.49,141.79,35.77,18.82,1.8,83.68,16.02,0.48,rust
UNIT-11080,LINE-B,881.45,204.03,49.83,32.28,2.1,47.31,18.41,2.3,hole
UNIT-12287,LINE-B,851.42,142.44,34.9,8.95,1.57,93.0,17.24,0.63,rust
UNIT-12262,LINE-B,844.76,143.51,38.0,11.01,1.69,98.0,17.2,0.53,rust
UNIT-11145,LINE-B,873.3,177.21,50.68,30.93,1.33,47.97,16.57,2.45,hole
UNIT-12781,LINE-B,841.03,155.58,34.81,22.57,1.65,69.44,18.12,0.69,rust
UNIT-12297,LINE-A,839.51,149.3,36.8,18.34,1.14,74.74,18.9,0.64,rust
UNIT-11837,LINE-B,849.16,155.81,50.01,36.55,2.28,45.29,18.6,0.7,normal
UNIT-11754,LINE-B,845.14,150.14,46.72,33.76,2.27,46.23,18.65,0.77,normal
UNIT-11102,LINE-A,884.54,191.7,50.84,34.91,1.73,43.65,19.22,2.68,hole
UNIT-11969,LINE-C,840.66,140.29,50.54,32.25,1.31,46.26,16.8,0.21,normal
UNIT-12656,LINE-B,828.53,147.03,34.14,18.89,1.18,72.36,14.91,0.71,rust
UNIT-13201,LINE-C,844.95,152.45,65.37,18.18,4.97,42.06,16.44,0.67,scratch
UNIT-10524,LINE-A,915.04,178.74,49.46,30.12,2.0,47.72,31.79,1.58,crack
UNIT-12281,LINE-C,834.17,144.21,28.68,11.97,1.18,85.82,18.96,0.28,rust
UNIT-11429,LINE-C,845.73,152.85,53.04,33.71,1.44,41.63,17.53,0.84,normal
UNIT-12582,LINE-B,841.04,163.17,37.8,9.37,1.37,87.5,17.17,0.38,rust
UNIT-13042,LINE-A,841.39,151.14,68.3,15.5,6.74,50.05,18.58,0.44,scratch
UNIT-10604,LINE-B,896.35,183.47,49.29,27.95,1.65,44.13,33.83,2.4,crack
UNIT-11490,LINE-A,837.81,150.86,49.3,31.99,1.47,40.13,17.71,0.41,normal
UNIT-12740,LINE-C,836.37,157.85,30.21,16.29,1.65,82.75,15.32,0.61,rust
UNIT-10061,LINE-A,924.95,184.96,48.44,31.16,1.21,44.4,29.07,1.43,crack
UNIT-13208,LINE-A,826.4,146.11,60.35,13.03,5.63,44.13,17.05,0.45,scratch
UNIT-10672,LINE-B,888.95,188.18,49.28,32.86,1.57,43.78,26.75,2.3,crack
UNIT-10093,LINE-B,917.12,182.8,51.37,30.17,1.59,52.01,26.75,1.97,crack
UNIT-10667,LINE-C,897.97,173.98,48.34,31.83,1.62,45.3,28.28,2.07,crack
UNIT-11888,LINE-A,847.04,147.84,44.45,31.94,1.27,44.53,19.33,0.62,normal
UNIT-10281,LINE-A,899.72,182.92,51.92,34.02,1.97,39.3,31.26,1.31,crack
UNIT-11720,LINE-B,828.5,147.6,51.44,27.32,2.08,44.68,19.04,0.37,normal
UNIT-10360,LINE-A,883.03,167.38,53.77,33.21,1.75,42.28,32.31,1.31,crack
UNIT-10900,LINE-A,898.79,180.91,48.69,30.52,2.13,42.19,17.98,2.15,hole
UNIT-11936,LINE-B,833.97,147.8,53.65,34.32,1.66,35.05,20.77,0.5,normal
UNIT-11995,LINE-B,840.01,140.67,49.03,32.71,1.85,44.28,17.66,0.39,normal
UNIT-12700,LINE-B,836.02,146.59,35.27,15.77,1.19,87.96,18.94,0.59,rust
UNIT-10761,LINE-B,870.37,199.92,54.38,30.85,1.72,39.23,15.61,2.65,hole
UNIT-12159,LINE-A,831.81,150.93,37.93,13.07,1.94,77.58,14.83,0.61,rust
UNIT-13059,LINE-C,825.43,157.73,61.09,20.19,6.06,45.71,18.64,0.17,scratch
UNIT-10043,LINE-B,872.72,175.41,50.07,32.25,1.49,43.05,26.18,1.21,crack
UNIT-12174,LINE-B,831.85,146.96,28.4,13.93,1.66,60.88,17.66,0.43,rust
UNIT-10205,LINE-B,904.92,180.63,52.02,30.05,1.71,46.27,24.58,1.85,crack
UNIT-11474,LINE-B,842.76,145.34,53.03,33.6,1.87,49.06,17.63,0.72,normal
UNIT-12101,LINE-A,840.17,145.07,41.6,16.05,1.52,87.21,16.79,0.3,rust
UNIT-12594,LINE-A,845.14,158.05,31.23,18.32,1.71,68.6,14.35,0.64,rust
UNIT-10069,LINE-A,907.0,187.97,49.25,30.39,1.3,39.8,24.28,1.86,crack
UNIT-11876,LINE-C,825.62,145.1,50.2,31.71,1.76,43.44,18.9,0.45,normal
UNIT-12773,LINE-B,820.81,145.79,28.65,22.14,1.56,64.92,16.09,0.27,rust
UNIT-12232,LINE-C,835.84,147.0,36.4,17.97,1.16,79.19,18.0,0.3,rust
UNIT-10138,LINE-B,879.02,186.22,49.16,31.19,1.31,45.69,36.92,1.55,crack
UNIT-10797,LINE-B,893.3,196.2,49.63,34.14,1.83,42.67,16.39,1.87,hole
UNIT-12181,LINE-B,836.96,153.57,36.31,9.32,1.44,73.5,15.69,0.45,rust
UNIT-12129,LINE-A,827.41,146.16,39.16,19.95,0.98,63.15,14.91,0.37,rust
UNIT-10759,LINE-B,881.24,202.08,46.24,32.49,1.36,32.71,16.58,1.92,hole
UNIT-10542,LINE-A,880.78,180.64,46.23,29.99,1.25,47.98,28.03,1.57,crack
UNIT-11020,LINE-A,873.84,189.2,51.81,32.41,1.31,43.65,13.71,2.16,hole
UNIT-12675,LINE-B,848.84,143.56,32.88,14.2,1.7,89.16,15.67,0.37,rust
UNIT-10166,LINE-A,920.55,184.48,51.81,33.03,1.41,45.73,33.86,1.95,crack
UNIT-10249,LINE-A,887.66,191.61,49.84,28.3,1.83,37.5,28.65,1.48,crack
UNIT-11332,LINE-B,897.6,199.62,48.88,30.43,2.18,43.28,17.33,2.04,hole
UNIT-12018,LINE-C,835.68,150.14,49.33,29.01,1.3,46.83,16.43,0.5,normal
UNIT-10447,LINE-A,885.72,169.17,49.82,34.26,1.12,41.21,22.29,2.18,crack
UNIT-12483,LINE-A,842.49,150.68,37.83,11.52,1.04,83.25,18.77,0.65,rust
UNIT-11359,LINE-A,896.31,197.78,47.38,31.32,1.66,42.88,17.5,1.71,hole
UNIT-12146,LINE-A,849.55,149.39,34.02,12.72,1.19,85.19,19.26,0.49,rust
UNIT-11330,LINE-B,892.79,196.84,45.46,32.42,1.45,45.99,15.69,2.5,hole
UNIT-13396,LINE-B,818.17,154.31,67.12,11.09,4.3,40.18,16.95,0.51,scratch
UNIT-12151,LINE-A,845.21,149.7,34.06,17.94,1.12,86.69,15.9,0.46,rust
UNIT-10435,LINE-B,891.96,189.29,53.88,28.01,1.74,44.91,32.64,1.78,crack
UNIT-12123,LINE-C,837.72,147.41,30.76,11.49,1.71,88.82,17.69,0.45,rust
UNIT-10578,LINE-A,888.78,162.3,51.38,30.53,1.51,37.49,26.08,1.8,crack
UNIT-12786,LINE-C,842.18,148.12,43.1,22.21,1.39,70.95,14.04,0.55,rust
UNIT-13200,LINE-A,847.12,153.37,72.39,13.67,3.58,42.52,18.75,0.18,scratch
UNIT-12449,LINE-A,833.69,150.62,35.31,14.37,1.61,69.9,16.97,0.52,rust
UNIT-11849,LINE-C,833.03,152.7,43.59,28.29,2.55,41.34,19.2,0.49,normal
UNIT-10763,LINE-B,865.4,197.15,46.2,30.66,1.7,46.97,17.83,2.54,hole
UNIT-10389,LINE-B,908.88,190.92,51.5,31.21,1.42,51.79,26.42,1.67,crack
UNIT-10236,LINE-C,894.76,178.62,54.35,31.36,2.15,47.26,31.1,2.34,crack
UNIT-13040,LINE-A,845.93,156.45,61.72,11.64,5.58,49.07,14.65,0.5,scratch
UNIT-11985,LINE-B,837.57,153.01,51.38,31.72,1.71,38.63,19.01,0.42,normal
UNIT-10268,LINE-A,890.99,176.07,52.23,35.66,1.48,46.85,32.7,1.68,crack
UNIT-10771,LINE-A,888.66,205.4,48.5,34.34,1.84,43.09,15.9,1.63,hole
UNIT-12166,LINE-B,839.07,147.65,28.12,9.15,1.33,83.75,17.6,0.63,rust
UNIT-10438,LINE-A,888.54,177.22,50.73,30.99,1.45,39.2,31.74,1.75,crack
UNIT-10674,LINE-A,908.68,189.49,53.53,33.57,1.5,51.94,27.62,1.94,crack
UNIT-10250,LINE-B,884.89,182.02,50.66,34.54,1.82,45.15,30.78,1.08,crack
UNIT-12202,LINE-B,834.84,156.12,29.98,14.28,2.03,78.05,18.03,0.46,rust
UNIT-11575,LINE-A,857.95,150.37,53.02,29.81,1.55,46.21,19.21,0.41,normal
UNIT-12143,LINE-A,848.18,144.24,38.65,16.25,1.68,64.3,16.71,0.71,rust
UNIT-12082,LINE-A,846.69,152.38,47.56,30.38,1.3,46.4,15.89,0.54,normal
UNIT-13054,LINE-A,852.24,154.63,67.32,14.75,5.48,45.82,20.74,0.54,scratch
UNIT-12995,LINE-A,840.03,154.0,74.07,23.41,4.29,41.04,17.28,0.44,scratch
UNIT-13198,LINE-B,848.14,144.65,58.01,13.84,4.68,43.07,15.35,0.37,scratch
UNIT-10449,LINE-C,906.26,168.64,51.55,24.84,1.94,40.35,33.87,1.63,crack
UNIT-11470,LINE-A,837.66,153.35,52.28,33.8,1.64,39.84,16.08,0.59,normal
UNIT-10717,LINE-B,892.48,199.36,46.12,32.28,1.5,40.49,17.07,2.19,hole
UNIT-12794,LINE-A,826.81,151.87,35.19,13.57,1.7,83.98,18.71,0.52,rust
UNIT-13050,LINE-B,853.88,153.51,65.96,16.3,6.09,46.06,14.42,0.71,scratch
UNIT-12049,LINE-B,849.09,152.17,51.18,35.23,1.96,47.26,16.56,0.45,normal
UNIT-11902,LINE-A,844.54,154.62,50.25,31.46,1.62,44.84,16.04,0.32,normal
UNIT-12908,LINE-B,856.08,150.83,59.66,14.85,5.04,48.97,17.82,0.69,scratch
UNIT-11169,LINE-A,862.5,190.74,52.48,33.32,1.49,37.5,15.9,2.82,hole
UNIT-10083,LINE-B,890.83,187.7,47.81,32.08,1.52,43.66,30.41,1.95,crack
UNIT-12822,LINE-C,834.3,137.45,59.69,12.77,5.75,45.36,16.21,0.26,scratch
UNIT-11461,LINE-A,841.71,156.51,53.83,35.0,1.36,47.03,17.76,0.4,normal
UNIT-11894,LINE-B,830.47,145.66,49.49,32.83,1.01,40.68,17.89,0.36,normal
UNIT-11669,LINE-C,831.0,146.58,48.27,31.92,1.35,49.69,17.31,0.29,normal
UNIT-12001,LINE-C,838.76,151.78,49.48,31.9,1.55,45.7,18.23,0.47,normal
UNIT-10476,LINE-B,904.09,167.92,51.73,33.43,1.08,49.34,33.61,1.32,crack
UNIT-10518,LINE-A,903.32,176.06,50.36,33.74,1.22,37.87,35.94,1.41,crack
UNIT-10405,LINE-B,891.12,183.99,45.73,32.66,1.9,49.13,24.47,2.08,crack
UNIT-10385,LINE-C,893.36,175.64,54.44,31.08,1.37,46.19,30.66,2.09,crack
UNIT-12832,LINE-B,836.52,153.48,71.05,22.1,5.92,42.22,18.03,0.84,scratch
UNIT-12153,LINE-B,839.37,144.81,41.44,19.45,1.71,80.51,15.68,0.14,rust
UNIT-11634,LINE-A,841.4,154.38,49.77,29.89,1.57,46.39,16.39,0.59,normal
UNIT-13336,LINE-B,834.0,143.28,55.28,20.33,5.21,48.25,15.45,0.57,scratch
UNIT-10689,LINE-A,935.12,173.76,51.01,31.05,1.4,46.97,32.43,1.58,crack
UNIT-11241,LINE-A,890.02,194.34,44.3,32.03,1.01,39.18,16.25,2.31,hole
UNIT-10063,LINE-A,914.65,165.31,53.35,30.23,1.77,36.99,35.45,1.09,crack
UNIT-10853,LINE-C,902.18,185.36,54.42,28.08,1.64,42.66,16.2,2.42,hole
UNIT-13210,LINE-A,860.83,153.92,67.87,14.1,4.06,50.46,15.4,0.59,scratch
UNIT-12884,LINE-C,845.03,146.12,70.69,22.22,6.6,47.38,16.93,0.2,scratch
UNIT-11263,LINE-B,893.14,189.43,50.67,32.51,1.58,49.65,18.67,1.96,hole
UNIT-10224,LINE-C,927.85,173.68,50.24,31.47,1.8,42.79,34.47,2.22,crack
UNIT-12194,LINE-B,847.98,154.18,37.31,13.36,2.33,83.33,16.84,0.54,rust
UNIT-10374,LINE-C,927.23,170.56,47.11,29.33,1.13,46.65,33.54,1.8,crack
UNIT-11825,LINE-C,840.26,154.86,48.72,32.34,1.93,48.12,15.17,0.41,normal
UNIT-12955,LINE-B,844.78,147.75,60.82,15.37,5.7,45.54,15.26,0.43,scratch
UNIT-13348,LINE-A,830.65,146.95,67.52,14.84,4.79,42.78,16.22,0.62,scratch
UNIT-13031,LINE-A,845.01,154.0,68.26,20.67,5.64,39.14,15.69,0.55,scratch
UNIT-13132,LINE-C,840.92,154.08,69.44,15.55,3.87,47.37,15.59,0.64,scratch
UNIT-10010,LINE-A,913.93,178.31,50.15,36.93,1.54,45.21,27.37,1.84,crack
UNIT-12498,LINE-A,830.91,155.3,40.87,16.0,1.71,75.64,16.56,0.35,rust
UNIT-11945,LINE-A,848.55,156.41,49.95,31.36,1.6,50.8,16.61,0.72,normal
UNIT-11839,LINE-C,837.99,156.99,52.91,30.29,1.99,46.14,16.67,0.42,normal
UNIT-10709,LINE-C,893.42,183.5,50.13,28.85,1.7,46.7,14.57,1.73,hole
UNIT-10256,LINE-B,888.79,164.59,49.28,30.43,2.12,40.57,25.98,2.12,crack
UNIT-11618,LINE-A,837.7,148.08,55.28,33.05,1.88,49.42,16.02,0.69,normal
UNIT-10390,LINE-B,909.71,183.94,49.44,34.78,1.79,50.47,25.37,1.5,crack
UNIT-11582,LINE-A,842.09,142.55,47.96,30.3,1.53,40.78,19.4,0.77,normal
UNIT-10925,LINE-B,897.95,186.16,49.3,30.94,1.62,48.25,14.49,1.98,hole
UNIT-12509,LINE-B,843.71,148.37,34.91,13.46,1.17,75.95,16.98,0.44,rust
UNIT-12037,LINE-C,841.44,153.75,53.91,32.74,2.38,43.64,17.44,0.41,normal
UNIT-12799,LINE-C,836.76,149.02,37.62,9.57,1.33,76.54,18.12,0.48,rust
UNIT-11225,LINE-A,873.12,200.1,49.59,30.27,1.67,45.7,17.36,2.72,hole
UNIT-12550,LINE-B,842.77,152.53,35.29,15.51,1.48,79.84,17.67,0.68,rust
UNIT-11947,LINE-B,845.67,153.79,52.68,28.06,1.92,43.42,16.49,0.62,normal
UNIT-10740,LINE-C,876.47,185.55,47.08,33.62,1.88,42.04,15.88,1.95,hole
UNIT-10041,LINE-B,899.09,176.28,47.57,32.16,2.06,34.17,23.98,1.22,crack
UNIT-10869,LINE-B,901.03,188.63,49.32,34.47,1.73,44.54,16.61,2.11,hole
UNIT-10540,LINE-A,876.1,181.23,53.38,31.07,1.41,33.53,29.63,1.13,crack
UNIT-12746,LINE-A,840.59,140.53,31.9,16.6,1.43,89.78,17.38,0.65,rust
UNIT-12923,LINE-A,843.1,156.06,66.15,13.16,4.28,46.74,17.79,0.53,scratch
UNIT-12724,LINE-C,851.55,155.84,39.28,12.97,2.22,73.28,18.25,0.23,rust
UNIT-11372,LINE-B,887.8,183.79,52.4,35.35,1.43,41.45,18.51,2.61,hole
UNIT-11146,LINE-C,874.56,202.07,50.47,27.93,1.01,41.31,16.91,2.02,hole
UNIT-11032,LINE-B,871.2,189.28,52.72,30.33,1.9,44.59,18.65,1.73,hole
UNIT-10373,LINE-A,887.71,172.03,51.49,27.95,1.66,42.72,24.93,1.86,crack
UNIT-10668,LINE-A,903.21,173.5,48.6,31.08,1.91,42.48,31.6,1.47,crack
UNIT-10358,LINE-A,922.9,164.53,49.85,32.99,1.69,36.02,23.83,1.7,crack
UNIT-10968,LINE-C,890.08,192.58,50.46,31.27,2.01,41.74,14.01,2.57,hole
UNIT-11354,LINE-A,887.56,190.4,58.78,32.68,1.78,40.1,17.32,2.46,hole
UNIT-11036,LINE-C,890.37,183.01,53.42,33.47,1.76,49.31,17.02,2.54,hole
UNIT-10471,LINE-C,921.55,164.36,49.58,33.54,1.62,38.46,34.35,1.68,crack
UNIT-13024,LINE-B,843.73,151.13,61.15,17.8,4.73,45.66,14.17,0.46,scratch
UNIT-11397,LINE-A,870.75,188.3,50.14,30.8,1.74,49.11,19.68,2.28,hole
UNIT-13057,LINE-C,836.9,143.36,73.05,22.91,4.23,39.34,17.45,0.6,scratch
UNIT-11550,LINE-C,836.81,152.0,53.58,31.08,1.19,37.55,20.09,0.42,normal
UNIT-11257,LINE-A,882.56,184.89,50.83,33.02,1.82,48.94,15.21,1.88,hole
UNIT-12095,LINE-A,844.48,148.75,51.13,32.84,1.27,47.72,14.25,0.44,normal
UNIT-11556,LINE-A,845.74,160.07,50.13,30.37,1.66,47.76,17.93,0.91,normal
UNIT-13018,LINE-A,861.0,156.71,59.85,16.47,3.74,43.25,18.38,0.43,scratch
UNIT-11251,LINE-B,855.14,195.99,50.61,35.27,1.2,43.36,18.54,2.74,hole
UNIT-11700,LINE-B,833.87,146.95,46.5,28.82,1.69,47.75,18.31,0.14,normal
UNIT-11253,LINE-A,885.87,175.58,52.32,31.82,2.03,40.69,14.92,1.71,hole
UNIT-13248,LINE-C,840.08,145.94,70.68,16.65,5.46,41.38,15.91,0.41,scratch
UNIT-10080,LINE-A,885.91,189.0,50.86,32.91,1.77,45.79,26.29,2.04,crack
UNIT-11173,LINE-C,878.59,200.27,49.9,32.32,1.29,45.69,18.13,2.19,hole
UNIT-10815,LINE-A,909.93,179.84,47.49,34.44,2.04,41.36,19.48,2.48,hole
UNIT-11853,LINE-A,830.31,143.34,49.0,29.86,1.55,44.82,14.42,0.39,normal
UNIT-12221,LINE-B,837.03,146.61,37.1,16.74,1.76,69.27,16.99,0.72,rust
UNIT-12720,LINE-A,843.46,148.85,28.76,17.1,1.9,78.14,18.14,0.53,rust
UNIT-13371,LINE-B,834.17,144.28,60.7,20.44,4.62,47.69,16.14,0.68,scratch
UNIT-12106,LINE-C,862.78,152.02,34.08,15.31,0.92,68.7,16.35,0.47,rust
UNIT-10134,LINE-A,891.72,185.47,50.44,31.27,1.35,44.34,32.85,1.46,crack
UNIT-11141,LINE-A,875.06,192.86,50.51,33.55,1.83,47.43,18.51,2.47,hole
UNIT-10934,LINE-A,878.56,191.92,48.42,31.28,1.22,45.51,18.41,2.84,hole
UNIT-10929,LINE-A,899.66,188.7,50.15,34.5,1.81,43.2,17.85,2.39,hole
UNIT-10824,LINE-C,879.98,177.46,50.43,32.93,1.64,44.6,18.8,2.14,hole
UNIT-11532,LINE-C,819.84,150.08,45.43,29.56,1.2,39.83,16.18,0.43,normal
UNIT-11215,LINE-A,873.82,191.49,50.46,29.2,1.52,38.81,16.73,2.85,hole
UNIT-10505,LINE-B,935.51,167.4,52.26,31.73,1.58,50.64,29.22,1.64,crack
UNIT-13459,LINE-C,845.78,150.5,62.22,19.86,7.23,47.86,15.11,0.25,scratch
UNIT-12396,LINE-A,850.69,141.37,40.72,16.89,1.49,80.44,15.83,0.54,rust
UNIT-11997,LINE-A,835.23,146.2,45.55,32.54,2.14,45.47,15.9,0.58,normal
UNIT-12435,LINE-A,843.25,147.85,40.36,17.59,2.17,88.99,18.43,0.6,rust
UNIT-11959,LINE-A,837.09,150.51,48.39,34.39,1.82,40.72,16.22,0.4,normal
UNIT-11385,LINE-C,888.77,185.08,47.51,31.67,1.95,42.86,19.11,3.04,hole
UNIT-10895,LINE-A,870.05,195.1,51.4,31.07,1.83,45.57,16.13,2.21,hole
UNIT-10829,LINE-B,880.6,191.5,47.08,34.03,1.97,39.43,15.25,1.96,hole
UNIT-13406,LINE-B,840.76,161.12,59.16,18.56,4.57,40.32,14.99,0.54,scratch
UNIT-12524,LINE-A,843.21,148.53,35.2,20.02,1.41,72.55,15.27,0.54,rust
UNIT-11684,LINE-B,837.54,156.22,50.82,32.68,1.25,39.82,18.41,0.41,normal
UNIT-13002,LINE-C,843.82,154.78,73.14,19.53,5.21,48.04,15.51,0.31,scratch
UNIT-12982,LINE-C,824.04,154.28,64.97,14.12,4.86,45.4,17.13,0.37,scratch
UNIT-13130,LINE-B,825.79,150.91,70.31,12.99,4.66,38.36,15.28,0.59,scratch
UNIT-10653,LINE-B,914.66,182.21,47.94,31.93,1.03,46.75,34.62,1.9,crack
UNIT-10173,LINE-A,916.39,168.12,50.48,32.14,1.28,48.23,25.79,2.21,crack
UNIT-10039,LINE-A,872.62,182.46,50.14,27.43,1.57,44.17,34.51,1.35,crack
UNIT-13338,LINE-C,833.56,158.33,60.3,14.15,4.76,39.53,17.35,0.42,scratch
UNIT-10714,LINE-B,883.75,182.64,52.59,33.92,1.94,41.51,18.55,1.85,hole
UNIT-10091,LINE-A,902.75,165.21,50.12,30.62,1.56,39.86,25.13,2.35,crack
UNIT-13446,LINE-A,843.75,151.5,72.73,13.33,6.03,41.77,15.61,0.59,scratch
UNIT-11206,LINE-A,903.94,188.49,48.7,30.33,1.72,42.1,17.2,1.47,hole
UNIT-12881,LINE-C,832.19,150.7,68.09,16.05,4.84,44.02,16.67,0.36,scratch
UNIT-13014,LINE-B,833.8,153.77,66.81,20.5,5.25,43.02,16.58,0.42,scratch
UNIT-11828,LINE-A,833.49,154.74,48.23,30.36,1.85,37.53,13.89,0.45,normal
UNIT-11156,LINE-C,886.72,203.91,51.07,28.39,1.95,51.09,17.02,2.79,hole
UNIT-11325,LINE-C,877.42,181.9,54.86,31.91,1.63,43.35,15.16,1.69,hole
UNIT-10217,LINE-B,909.76,164.84,49.77,34.05,1.54,41.21,34.27,2.02,crack
UNIT-10511,LINE-B,916.17,176.68,48.09,31.81,1.56,47.09,25.1,2.23,crack
UNIT-11681,LINE-A,835.8,143.34,53.57,38.75,1.38,46.37,16.77,0.57,normal
UNIT-10500,LINE-A,893.68,179.86,49.69,33.21,1.47,52.22,28.86,2.39,crack
UNIT-12887,LINE-A,865.48,151.05,60.48,19.34,6.31,40.98,15.68,0.62,scratch
UNIT-11857,LINE-A,850.11,148.91,48.35,31.48,1.54,47.08,15.29,0.41,normal
UNIT-11389,LINE-A,877.96,196.85,48.44,32.54,1.61,39.28,17.11,2.55,hole
UNIT-11520,LINE-A,851.59,149.43,48.87,36.52,1.82,45.03,19.05,0.55,normal
UNIT-12387,LINE-A,842.06,155.25,33.6,12.8,2.06,83.72,16.87,0.37,rust
UNIT-13500,LINE-C,835.73,148.06,64.0,15.44,4.98,43.46,20.14,0.91,scratch
UNIT-12077,LINE-A,828.07,150.3,47.14,32.12,2.18,38.44,16.78,0.4,normal
UNIT-11541,LINE-C,843.38,138.84,49.48,30.07,1.27,42.05,18.24,0.54,normal
UNIT-11218,LINE-C,892.14,188.74,50.18,34.12,1.5,46.96,16.94,2.52,hole
UNIT-12682,LINE-B,835.72,157.67,35.75,11.82,1.93,74.13,17.13,0.54,rust
UNIT-13342,LINE-A,847.55,142.24,57.76,14.45,5.79,41.32,14.86,0.12,scratch
UNIT-11417,LINE-B,834.57,153.39,51.33,34.6,1.94,40.19,19.17,0.35,normal
UNIT-12218,LINE-B,836.66,137.65,39.71,16.99,1.63,71.76,16.48,0.44,rust
UNIT-12934,LINE-B,830.9,152.81,66.98,14.71,5.48,47.32,16.5,0.43,scratch
UNIT-11677,LINE-A,848.22,142.0,53.61,29.78,1.83,39.92,16.11,0.19,normal
UNIT-11198,LINE-A,873.22,193.27,48.51,31.25,2.01,41.01,17.93,1.6,hole
UNIT-11543,LINE-C,840.95,147.62,48.36,32.64,1.34,42.99,17.88,0.57,normal
UNIT-12540,LINE-A,852.52,147.11,33.31,13.57,1.59,79.84,17.73,0.39,rust
UNIT-10954,LINE-B,877.72,189.21,51.78,33.16,1.6,43.24,15.79,1.88,hole
UNIT-12636,LINE-B,850.59,138.56,37.56,17.7,1.96,90.47,17.09,0.35,rust
UNIT-10751,LINE-B,867.42,185.72,48.57,28.29,1.37,46.06,14.28,2.91,hole
UNIT-12706,LINE-C,838.06,151.54,31.14,9.47,1.7,81.41,17.36,0.52,rust
UNIT-10235,LINE-A,915.21,175.6,50.59,29.87,1.25,44.07,23.68,1.58,crack
UNIT-10733,LINE-A,882.2,173.25,50.93,30.24,1.93,37.27,18.44,2.94,hole
UNIT-13491,LINE-B,846.88,145.18,61.73,11.05,5.42,40.13,17.75,0.57,scratch
UNIT-11157,LINE-A,895.22,192.56,52.7,30.45,1.43,52.54,15.47,2.12,hole
UNIT-13001,LINE-C,832.47,146.42,70.21,14.08,5.34,42.48,16.78,0.59,scratch
UNIT-12446,LINE-C,852.17,158.35,32.04,14.81,1.66,70.85,17.63,0.76,rust
UNIT-11210,LINE-B,887.81,196.93,50.12,31.56,1.43,39.07,16.08,1.89,hole
UNIT-11066,LINE-B,868.87,186.91,52.93,32.0,1.12,46.52,19.45,1.61,hole
UNIT-12157,LINE-B,840.03,142.92,34.82,18.24,1.38,73.94,17.39,0.63,rust
UNIT-11063,LINE-A,887.95,201.29,48.65,32.85,1.22,43.12,15.57,2.07,hole
UNIT-12617,LINE-A,848.06,154.54,41.5,15.16,1.72,63.91,17.9,0.51,rust
UNIT-11168,LINE-A,896.71,189.73,50.56,34.74,1.86,41.21,18.39,1.78,hole
UNIT-11493,LINE-C,832.94,154.93,46.95,31.02,1.61,45.94,16.56,0.61,normal
UNIT-12882,LINE-B,831.8,142.81,68.32,11.92,5.27,44.1,15.03,0.62,scratch
UNIT-10885,LINE-B,866.41,179.22,50.83,28.94,1.12,41.06,17.29,2.18,hole
UNIT-10144,LINE-A,902.86,170.24,44.57,33.69,1.44,43.64,34.08,2.22,crack
UNIT-13432,LINE-C,843.88,142.91,66.35,16.26,5.23,43.42,18.63,0.64,scratch
UNIT-10851,LINE-A,892.73,194.09,47.07,32.81,1.42,34.96,15.14,2.64,hole
UNIT-12783,LINE-B,828.07,155.77,32.63,14.48,1.5,75.98,15.38,0.46,rust
UNIT-10718,LINE-B,876.2,197.38,52.74,31.83,1.39,42.43,17.4,3.08,hole
UNIT-13317,LINE-A,838.64,153.59,63.7,14.91,5.1,39.31,17.19,0.43,scratch
UNIT-12503,LINE-B,847.66,156.55,32.34,16.23,1.56,71.74,16.61,0.58,rust
UNIT-10265,LINE-A,893.49,177.23,49.97,30.69,1.02,41.3,31.73,1.66,crack
UNIT-10076,LINE-A,916.79,177.87,49.23,32.44,1.67,50.31,34.18,2.27,crack
UNIT-12493,LINE-C,840.84,154.22,33.47,15.49,1.64,72.04,16.82,0.55,rust
UNIT-10396,LINE-A,922.09,172.37,51.81,32.22,1.9,46.07,30.03,1.88,crack
UNIT-12968,LINE-B,831.04,140.83,68.07,16.23,3.9,48.1,17.85,0.58,scratch
UNIT-12225,LINE-C,841.63,150.68,35.58,17.96,1.88,86.75,17.16,0.45,rust
UNIT-13267,LINE-A,831.75,153.0,69.13,19.77,4.01,46.76,16.11,0.35,scratch
UNIT-10397,LINE-B,927.41,174.4,51.02,30.08,1.64,43.53,28.56,1.91,crack
UNIT-11366,LINE-A,877.75,188.36,55.29,34.21,1.77,40.27,16.73,2.05,hole
UNIT-13221,LINE-C,832.07,152.16,62.25,16.72,6.16,38.83,17.67,0.43,scratch
UNIT-11904,LINE-A,842.35,141.34,50.9,31.2,1.36,42.67,13.34,0.41,normal
UNIT-10596,LINE-B,910.01,174.34,49.23,27.79,1.64,36.46,29.44,1.64,crack
UNIT-12110,LINE-B,857.18,147.49,35.18,18.23,1.29,74.91,16.93,0.69,rust
UNIT-11297,LINE-A,861.04,198.67,46.33,33.9,1.16,47.07,18.46,2.04,hole
UNIT-11822,LINE-B,847.62,151.94,53.44,32.76,2.11,37.52,17.52,0.54,normal
UNIT-10873,LINE-B,882.02,184.01,47.37,31.08,1.55,42.38,14.86,1.93,hole
UNIT-13397,LINE-C,842.73,147.98,66.61,18.82,5.9,40.69,18.93,0.4,scratch
UNIT-12327,LINE-C,842.01,137.79,33.32,19.82,1.6,92.49,16.85,0.56,rust
UNIT-11549,LINE-B,838.85,142.81,52.62,35.78,2.2,48.54,16.44,0.5,normal
UNIT-10037,LINE-A,891.89,171.56,49.3,28.67,1.6,45.61,27.44,1.04,crack
UNIT-12711,LINE-C,848.76,142.86,31.98,11.66,0.92,86.13,18.49,0.44,rust
UNIT-12944,LINE-B,832.7,148.86,68.66,16.94,3.97,45.48,19.17,0.75,scratch
UNIT-12144,LINE-A,822.55,149.12,36.69,15.26,1.74,68.51,16.94,0.82,rust
UNIT-12980,LINE-C,833.72,145.84,64.51,19.1,6.5,44.34,17.73,0.42,scratch
UNIT-10978,LINE-B,862.68,184.69,52.23,29.44,1.41,46.29,18.27,2.3,hole
UNIT-11572,LINE-B,855.13,153.54,47.74,28.56,1.65,44.0,14.72,0.49,normal
UNIT-11123,LINE-B,910.08,200.86,50.19,32.67,2.11,43.47,16.88,2.63,hole
UNIT-12787,LINE-B,841.32,145.36,40.29,11.33,2.05,76.52,15.7,0.43,rust
UNIT-12240,LINE-B,844.58,152.99,33.52,11.04,1.51,78.54,18.74,0.56,rust
UNIT-12505,LINE-B,832.64,154.02,40.29,12.95,1.47,81.98,17.54,0.44,rust
UNIT-11893,LINE-A,837.06,148.13,51.5,30.6,2.41,49.54,19.07,0.34,normal
UNIT-10676,LINE-A,921.93,175.0,48.66,32.93,1.62,42.85,33.12,1.33,crack
UNIT-12809,LINE-C,852.39,157.67,61.29,16.34,3.76,38.74,17.28,0.64,scratch
UNIT-10729,LINE-C,903.17,185.27,47.36,33.73,1.98,53.9,17.4,1.61,hole
UNIT-10413,LINE-B,925.6,171.18,48.95,29.74,1.73,48.01,35.53,1.81,crack
UNIT-11517,LINE-C,831.17,153.93,50.93,32.17,1.55,44.92,16.59,0.45,normal
UNIT-11650,LINE-B,840.55,155.27,52.38,31.34,1.44,43.07,19.17,0.46,normal
UNIT-10826,LINE-B,872.31,192.92,46.15,33.24,1.12,45.6,16.97,2.03,hole
UNIT-10617,LINE-A,934.83,168.8,52.16,27.87,2.04,38.92,29.85,1.42,crack
UNIT-10115,LINE-A,909.71,183.91,52.92,30.27,0.91,42.22,32.61,1.7,crack
UNIT-10418,LINE-A,891.29,181.12,49.26,34.91,2.06,43.68,27.16,1.76,crack
UNIT-11626,LINE-A,850.49,145.77,48.17,32.39,1.49,52.91,16.76,0.55,normal
UNIT-12653,LINE-A,839.31,143.61,32.66,18.97,1.9,94.42,16.33,0.41,rust
UNIT-13428,LINE-C,835.11,145.56,63.06,14.54,6.25,43.49,16.43,0.55,scratch
UNIT-10090,LINE-C,909.76,174.57,53.75,33.7,1.5,42.6,32.57,2.45,crack
UNIT-12897,LINE-C,822.24,147.68,69.95,10.16,5.15,45.64,15.34,0.53,scratch
UNIT-13053,LINE-A,839.51,151.09,64.58,18.2,4.25,46.43,17.72,0.65,scratch
UNIT-12083,LINE-B,831.88,150.18,48.19,36.04,1.41,39.23,15.65,0.5,normal
UNIT-10754,LINE-A,897.33,180.8,52.02,31.74,2.09,42.67,14.69,2.23,hole
UNIT-12547,LINE-B,847.07,150.0,36.06,15.33,1.27,74.1,18.38,0.5,rust
UNIT-11631,LINE-B,847.17,149.82,48.07,31.8,1.5,46.09,16.85,0.35,normal
UNIT-10012,LINE-A,913.83,170.5,47.34,32.95,1.32,50.2,32.6,1.84,crack
UNIT-12445,LINE-A,833.42,150.79,34.77,11.64,1.34,86.74,14.99,0.56,rust
UNIT-10285,LINE-B,910.78,179.83,49.49,33.61,1.37,42.24,25.47,1.83,crack
UNIT-11067,LINE-A,873.13,177.72,48.38,30.82,1.49,42.28,18.14,2.89,hole
UNIT-11192,LINE-B,872.56,193.98,50.04,29.83,2.04,55.85,16.5,2.63,hole
UNIT-11441,LINE-C,834.7,154.96,49.45,33.1,1.57,48.34,18.85,0.68,normal
UNIT-13272,LINE-A,835.43,153.17,68.93,15.85,4.19,45.15,15.4,0.46,scratch
UNIT-13270,LINE-A,829.88,149.77,63.19,20.35,5.4,48.94,18.87,0.54,scratch
UNIT-12739,LINE-B,824.79,148.78,27.8,14.13,1.86,70.67,16.36,0.48,rust
UNIT-13162,LINE-B,826.64,151.06,61.47,20.94,5.63,44.47,17.37,0.45,scratch
UNIT-11569,LINE-A,852.73,147.76,53.41,32.01,1.31,52.01,18.98,0.47,normal
UNIT-12428,LINE-A,847.98,142.24,30.19,16.38,1.44,70.02,17.13,0.63,rust
UNIT-12738,LINE-B,831.06,149.7,32.62,15.51,1.43,75.08,14.45,0.57,rust
UNIT-13005,LINE-B,841.82,144.85,67.63,15.58,4.76,48.14,17.36,0.47,scratch
UNIT-11688,LINE-C,833.3,148.24,45.84,34.69,1.52,49.17,15.15,0.66,normal
UNIT-10852,LINE-B,900.56,190.98,49.92,32.67,1.19,40.26,17.73,2.16,hole
UNIT-12208,LINE-A,855.85,155.05,35.95,16.12,1.49,83.29,16.28,0.6,rust
UNIT-10896,LINE-A,889.87,190.41,43.97,32.92,1.57,45.14,17.75,2.25,hole
UNIT-10497,LINE-B,891.03,169.17,52.49,28.77,1.68,40.41,32.02,1.67,crack
UNIT-12306,LINE-A,834.28,155.26,33.02,19.91,1.63,61.51,16.52,0.55,rust
UNIT-11783,LINE-C,832.08,149.44,45.34,32.98,2.48,44.71,17.51,0.27,normal
UNIT-10336,LINE-C,912.1,177.43,44.81,31.36,2.09,45.44,28.88,1.38,crack
UNIT-12840,LINE-B,831.65,150.4,65.4,16.62,6.1,43.02,15.29,0.68,scratch
UNIT-10516,LINE-B,903.57,173.35,49.96,33.37,1.78,43.12,27.29,1.83,crack
UNIT-11349,LINE-B,865.75,183.04,47.84,33.84,1.81,44.87,15.42,1.77,hole
UNIT-11016,LINE-C,875.12,199.47,50.52,28.32,1.76,41.54,16.57,2.25,hole
UNIT-12817,LINE-C,853.72,149.24,71.2,21.28,5.07,50.16,18.58,0.41,scratch
UNIT-13279,LINE-A,846.4,157.32,60.5,12.52,5.62,43.33,17.81,0.33,scratch
UNIT-13274,LINE-B,833.92,152.44,60.51,21.14,6.31,47.05,15.91,0.43,scratch
UNIT-12810,LINE-B,842.13,148.78,61.06,18.73,6.61,37.92,17.25,0.19,scratch
UNIT-12999,LINE-C,837.2,144.57,66.0,15.6,5.33,50.61,17.03,0.69,scratch
UNIT-11782,LINE-A,832.95,151.41,49.85,35.89,1.87,45.14,16.6,0.75,normal
UNIT-12570,LINE-A,846.83,148.06,33.21,15.35,1.8,70.94,16.62,0.44,rust
UNIT-11786,LINE-B,847.98,149.4,53.94,30.04,1.38,40.61,14.78,0.36,normal
UNIT-12071,LINE-A,844.36,146.98,49.02,32.15,1.07,42.37,16.83,0.76,normal
UNIT-10357,LINE-A,931.81,185.33,54.08,33.24,1.37,43.05,24.05,2.11,crack
UNIT-13328,LINE-C,850.34,153.26,60.15,20.01,6.22,45.67,13.52,0.37,scratch
UNIT-11313,LINE-B,895.02,196.43,49.64,34.01,0.8,44.97,18.42,1.85,hole
UNIT-11636,LINE-A,857.38,148.23,50.23,31.62,1.93,49.22,14.33,0.57,normal
UNIT-10551,LINE-C,901.97,167.09,51.26,31.93,1.82,46.37,33.25,2.05,crack
UNIT-12389,LINE-A,836.2,155.33,28.1,18.95,1.28,75.75,16.53,0.42,rust
UNIT-12480,LINE-A,834.52,155.18,33.46,14.3,1.76,77.05,16.14,0.41,rust
UNIT-12522,LINE-A,849.32,155.76,34.69,13.69,1.6,91.07,18.41,0.37,rust
UNIT-12266,LINE-C,849.58,142.66,37.21,19.33,1.75,68.2,18.4,0.67,rust
UNIT-12960,LINE-B,850.57,138.78,67.28,19.36,5.02,38.01,16.66,0.61,scratch
UNIT-11228,LINE-B,902.24,184.52,49.61,33.83,1.45,40.31,19.56,2.03,hole
UNIT-13127,LINE-B,835.73,156.58,65.43,22.3,5.32,43.01,17.32,0.47,scratch
UNIT-10958,LINE-A,866.23,187.0,47.72,31.33,1.08,42.69,15.92,2.94,hole
UNIT-11774,LINE-C,827.7,153.35,43.77,30.67,1.37,42.87,14.22,0.56,normal
UNIT-12142,LINE-B,836.88,143.46,43.37,14.09,1.33,78.75,16.09,0.33,rust
UNIT-11009,LINE-A,875.86,185.67,47.49,32.66,1.77,38.68,16.11,1.8,hole
UNIT-11093,LINE-A,860.62,184.9,51.47,33.11,1.2,43.4,16.42,2.13,hole
UNIT-13119,LINE-C,830.21,150.6,66.32,23.68,4.28,41.77,18.73,0.28,scratch
UNIT-12745,LINE-C,837.45,152.91,32.23,15.18,1.49,63.44,17.58,0.54,rust
UNIT-10997,LINE-B,875.55,195.82,50.16,30.49,1.28,43.09,17.99,2.15,hole
UNIT-11680,LINE-B,832.67,142.27,52.01,28.71,1.97,40.38,15.35,0.54,normal
UNIT-10154,LINE-A,877.0,172.41,49.92,31.58,1.56,36.47,29.76,1.99,crack
UNIT-13250,LINE-B,826.21,143.91,63.98,16.63,5.39,44.64,16.28,0.57,scratch
UNIT-12909,LINE-A,842.5,146.23,69.68,17.47,3.94,42.45,19.32,0.49,scratch
UNIT-12838,LINE-B,825.02,142.57,67.11,21.67,4.44,39.34,16.25,0.35,scratch
UNIT-10581,LINE-A,926.03,169.92,51.48,31.77,1.82,41.1,26.74,1.72,crack
UNIT-11471,LINE-B,831.12,151.75,48.21,33.99,1.69,38.3,18.14,0.48,normal
UNIT-10704,LINE-B,889.68,188.89,46.46,29.26,1.58,46.21,18.22,2.57,hole
UNIT-11213,LINE-A,883.82,204.11,52.19,30.41,1.37,44.22,18.29,2.08,hole
UNIT-10897,LINE-C,864.7,195.61,49.36,33.77,1.96,45.11,17.83,2.77,hole
UNIT-10488,LINE-B,910.37,191.95,50.55,30.32,0.87,46.74,25.53,1.8,crack
UNIT-10560,LINE-A,887.66,173.14,50.6,30.67,1.71,44.5,31.54,1.43,crack
UNIT-11142,LINE-B,879.87,185.89,51.56,33.92,1.22,46.92,18.7,3.03,hole
UNIT-11120,LINE-B,881.31,189.49,50.98,29.9,1.69,46.12,18.54,2.73,hole
UNIT-12850,LINE-B,835.99,143.8,71.26,19.66,4.27,40.96,17.22,0.72,scratch
UNIT-10513,LINE-B,917.2,175.13,49.14,28.26,1.25,45.42,25.28,1.41,crack
UNIT-10634,LINE-A,922.74,167.34,53.28,31.97,1.34,43.15,30.13,1.2,crack
UNIT-13013,LINE-A,841.01,147.01,63.51,16.03,5.62,45.25,16.31,0.42,scratch
UNIT-11665,LINE-B,845.0,150.31,50.28,31.94,1.12,45.05,16.46,0.45,normal
UNIT-11013,LINE-A,906.04,189.64,52.86,31.8,1.22,40.61,15.59,2.49,hole
UNIT-11932,LINE-B,834.4,152.4,48.78,31.44,1.48,46.95,18.38,0.58,normal
UNIT-11151,LINE-C,897.49,184.94,50.1,32.15,1.39,39.39,17.57,1.95,hole
UNIT-12839,LINE-B,844.44,155.88,66.8,17.52,4.63,44.34,16.92,0.75,scratch
UNIT-13276,LINE-B,840.36,150.58,65.87,16.0,5.77,48.78,16.31,0.41,scratch
UNIT-10117,LINE-A,895.54,189.1,49.43,32.18,1.67,42.18,27.29,2.09,crack
UNIT-10741,LINE-B,898.23,181.09,50.9,32.32,2.24,48.65,17.06,2.66,hole
UNIT-13226,LINE-A,844.08,153.18,65.69,17.37,4.61,44.11,16.04,0.49,scratch
UNIT-11975,LINE-A,852.3,142.98,49.85,31.11,1.73,44.35,16.44,0.6,normal
UNIT-11082,LINE-C,868.07,185.54,51.58,30.98,1.27,47.02,17.19,2.5,hole
UNIT-11811,LINE-B,839.44,150.92,47.24,33.72,1.66,46.1,18.02,0.86,normal
UNIT-10831,LINE-A,895.52,201.02,50.99,32.88,1.24,50.0,16.39,2.03,hole
UNIT-10120,LINE-B,915.98,180.46,50.77,33.63,1.86,41.67,29.35,2.02,crack
UNIT-10657,LINE-A,876.59,195.96,45.8,31.0,1.68,47.94,30.42,2.45,crack
UNIT-13187,LINE-A,837.65,140.14,63.83,18.86,5.8,46.71,17.4,0.41,scratch
UNIT-13140,LINE-A,830.89,157.54,70.81,18.37,4.69,50.42,15.58,0.33,scratch
UNIT-13419,LINE-C,834.48,148.23,61.76,17.27,5.18,49.04,16.36,0.67,scratch
UNIT-10636,LINE-A,873.05,178.84,48.6,29.14,1.96,46.67,32.33,1.6,crack
UNIT-10370,LINE-A,925.51,169.31,51.35,33.75,1.4,43.76,29.82,1.36,crack
UNIT-10269,LINE-C,892.57,187.3,53.67,32.59,1.8,41.1,27.14,1.85,crack
UNIT-12704,LINE-A,835.35,140.86,35.19,13.7,1.67,86.96,19.1,0.46,rust
UNIT-12984,LINE-A,852.66,150.34,71.15,13.5,5.78,46.16,16.71,0.52,scratch
UNIT-12871,LINE-A,831.57,143.22,66.86,22.24,4.61,43.64,18.78,0.64,scratch
UNIT-12915,LINE-C,851.53,151.33,59.0,9.96,4.16,45.06,14.43,0.52,scratch
UNIT-10047,LINE-A,889.54,181.74,51.22,35.16,1.56,44.45,25.75,1.99,crack
UNIT-13242,LINE-B,840.76,142.35,64.6,15.58,5.93,38.53,18.26,0.43,scratch
UNIT-10992,LINE-B,875.11,202.09,53.44,32.17,2.12,41.51,14.07,1.69,hole
UNIT-10877,LINE-A,890.2,178.11,52.66,36.56,1.51,41.39,16.81,2.35,hole
UNIT-10774,LINE-A,873.61,199.74,48.76,34.23,1.38,44.56,17.81,2.2,hole
UNIT-11220,LINE-B,906.12,187.23,51.45,36.0,1.56,48.05,18.34,1.81,hole
UNIT-11127,LINE-B,865.09,193.89,50.11,33.89,1.38,44.04,19.1,2.41,hole
UNIT-10005,LINE-A,887.83,175.94,52.24,33.51,1.54,41.51,25.85,2.14,crack
UNIT-11596,LINE-A,856.14,144.06,52.98,34.14,1.86,49.17,17.42,0.41,normal
UNIT-12312,LINE-A,830.93,144.82,38.96,12.44,1.46,77.61,17.43,0.47,rust
UNIT-13351,LINE-A,829.41,151.02,57.0,19.14,4.93,41.48,14.29,0.5,scratch
UNIT-12492,LINE-B,827.55,146.37,33.21,11.2,1.0,87.31,17.09,0.48,rust
UNIT-11078,LINE-C,861.64,190.31,49.86,31.61,1.56,43.74,16.27,1.85,hole
UNIT-10838,LINE-A,910.32,178.72,45.73,32.88,0.86,35.83,18.76,2.42,hole
UNIT-10682,LINE-C,926.15,188.49,52.2,30.11,1.55,45.12,27.4,1.25,crack
UNIT-11716,LINE-A,839.4,152.57,50.97,36.1,1.46,45.54,20.53,0.41,normal
UNIT-12353,LINE-A,845.23,155.35,39.65,13.13,2.09,72.75,20.02,0.52,rust
UNIT-12618,LINE-C,847.08,161.88,37.09,10.33,1.11,83.28,18.6,0.57,rust
UNIT-12362,LINE-B,844.42,155.77,40.28,14.45,1.37,70.88,16.67,0.6,rust
UNIT-12198,LINE-C,830.65,154.75,36.95,13.12,1.89,83.34,14.44,0.38,rust
UNIT-11149,LINE-B,893.83,192.33,55.29,33.99,1.82,36.71,16.16,2.6,hole
UNIT-10575,LINE-A,907.07,169.96,46.88,33.67,1.6,42.77,30.38,2.23,crack
UNIT-10051,LINE-A,917.43,169.69,48.93,30.89,1.89,47.89,29.6,1.47,crack
UNIT-10854,LINE-A,873.29,194.76,50.31,31.66,1.58,46.06,15.23,1.89,hole
UNIT-11983,LINE-A,846.38,147.04,43.32,34.2,0.99,52.7,14.83,0.5,normal
UNIT-12775,LINE-B,846.92,147.39,37.82,18.02,2.02,77.79,17.23,0.45,rust
UNIT-11824,LINE-C,835.31,144.77,51.31,31.86,1.2,37.93,15.56,0.77,normal
UNIT-10834,LINE-A,874.73,196.7,48.23,30.36,1.67,40.62,18.65,2.54,hole
UNIT-11116,LINE-A,893.68,192.22,44.66,32.65,1.13,44.61,17.14,1.85,hole
UNIT-11167,LINE-C,884.08,184.02,53.45,32.95,2.59,52.32,16.98,3.13,hole
UNIT-12519,LINE-A,836.55,154.45,30.24,13.2,1.78,79.24,14.83,0.4,rust
UNIT-11907,LINE-B,819.76,143.79,48.69,31.31,1.36,45.36,17.29,0.51,normal
UNIT-10972,LINE-A,889.69,174.33,50.92,27.65,2.0,51.95,15.03,2.85,hole
UNIT-12702,LINE-A,844.97,163.68,35.23,18.53,2.04,66.72,18.03,0.45,rust
UNIT-10400,LINE-C,912.78,176.52,47.04,31.49,1.91,47.19,34.38,2.09,crack
UNIT-12560,LINE-B,846.71,153.99,24.84,13.6,2.21,74.47,17.68,0.55,rust
UNIT-12369,LINE-A,841.33,147.67,35.03,20.17,1.27,79.85,17.54,0.48,rust
UNIT-10020,LINE-B,898.42,184.89,44.94,32.37,1.4,47.41,33.44,1.92,crack
UNIT-10685,LINE-C,916.98,152.47,50.1,33.58,2.4,42.3,28.36,2.09,crack
UNIT-10036,LINE-A,908.29,173.45,47.04,27.92,1.52,46.87,33.47,2.25,crack
UNIT-12951,LINE-A,850.2,141.9,72.06,16.32,3.47,42.02,17.03,0.69,scratch
UNIT-13301,LINE-C,840.69,153.91,72.7,21.28,6.09,47.67,15.57,0.47,scratch
UNIT-12876,LINE-B,835.51,151.24,69.76,18.63,4.22,45.94,16.14,0.45,scratch
UNIT-10525,LINE-A,888.41,162.54,45.49,34.19,0.93,42.39,29.95,1.89,crack
UNIT-12456,LINE-A,832.61,151.33,35.32,16.47,1.26,65.75,17.48,0.6,rust
UNIT-10921,LINE-A,880.16,175.77,51.2,32.67,1.85,44.67,19.14,2.2,hole
UNIT-11842,LINE-C,837.28,146.44,49.54,30.37,1.62,44.34,17.39,0.76,normal
UNIT-11891,LINE-A,857.74,150.08,53.93,33.46,1.57,41.41,18.17,0.38,normal
UNIT-10538,LINE-B,896.89,178.3,51.3,34.67,1.58,45.23,33.98,1.47,crack
UNIT-12807,LINE-A,841.47,140.04,66.72,19.54,6.64,40.89,18.11,0.58,scratch
UNIT-11706,LINE-A,835.6,146.3,48.3,33.01,1.57,42.29,17.39,0.44,normal
UNIT-13437,LINE-A,831.62,158.16,65.88,20.44,6.11,44.08,16.21,0.55,scratch
UNIT-10246,LINE-A,942.13,176.73,52.17,31.09,1.33,47.82,29.43,1.42,crack
UNIT-10785,LINE-A,890.71,183.29,48.79,30.73,2.42,46.43,18.07,2.78,hole
UNIT-11410,LINE-C,826.97,151.72,51.75,26.49,1.68,42.33,16.67,0.36,normal
UNIT-12538,LINE-B,812.76,158.52,33.91,9.27,1.51,69.28,17.02,0.37,rust
UNIT-10155,LINE-B,923.69,186.38,54.6,30.51,1.32,39.62,32.83,2.41,crack
UNIT-13010,LINE-A,836.14,142.44,63.34,17.37,5.26,49.86,15.47,0.34,scratch
UNIT-11687,LINE-B,824.88,154.08,52.32,34.28,2.04,49.94,15.53,0.73,normal
UNIT-12902,LINE-B,847.96,148.49,55.48,20.23,6.3,42.92,16.37,0.5,scratch
UNIT-10626,LINE-A,930.05,174.37,49.19,31.27,1.47,46.49,29.84,1.08,crack
UNIT-12734,LINE-B,827.17,160.91,41.46,12.56,1.27,82.26,16.42,0.45,rust
UNIT-13355,LINE-B,839.71,149.33,70.71,22.45,6.14,45.95,17.8,0.47,scratch
UNIT-11347,LINE-A,888.08,186.21,47.92,34.71,2.21,46.43,19.23,2.29,hole
UNIT-10570,LINE-A,923.33,165.74,50.14,31.47,1.81,42.32,28.68,1.42,crack
UNIT-13420,LINE-A,846.58,156.7,57.2,13.08,6.28,40.59,18.2,0.59,scratch
UNIT-11759,LINE-A,841.73,145.1,50.13,32.7,1.58,46.51,17.0,0.07,normal
UNIT-11817,LINE-B,841.14,153.92,49.39,31.59,1.46,42.86,15.84,0.5,normal
UNIT-12066,LINE-A,841.23,144.0,47.76,30.54,1.03,48.51,17.17,0.33,normal
UNIT-10128,LINE-A,898.99,174.6,49.43,30.08,1.49,48.35,31.45,1.36,crack
UNIT-13473,LINE-B,844.57,142.69,69.27,15.91,5.86,37.82,14.81,0.6,scratch
UNIT-12007,LINE-A,840.17,157.41,44.36,32.42,1.48,47.24,16.58,0.41,normal
UNIT-12976,LINE-C,847.76,149.95,58.24,17.52,4.53,46.52,15.4,0.68,scratch
UNIT-10981,LINE-A,883.76,198.06,47.11,32.25,2.21,46.89,16.95,1.47,hole
UNIT-13469,LINE-A,836.12,154.89,66.55,17.69,6.19,48.68,18.75,0.31,scratch
UNIT-10191,LINE-A,927.94,158.27,48.17,29.95,1.29,41.0,31.05,1.61,crack
UNIT-11140,LINE-B,880.67,197.68,46.6,31.82,1.71,43.53,17.35,2.87,hole
UNIT-10993,LINE-A,880.55,184.72,53.36,32.72,1.43,48.88,17.04,2.81,hole
UNIT-10700,LINE-C,884.94,180.2,50.22,31.97,2.38,38.68,30.97,1.32,crack
UNIT-10607,LINE-A,934.14,173.84,52.02,31.61,1.98,46.59,34.15,1.41,crack
UNIT-10181,LINE-A,873.75,169.4,51.6,31.53,1.52,36.66,26.97,1.95,crack
UNIT-10302,LINE-A,920.69,172.08,47.94,30.56,2.21,44.0,29.3,1.23,crack
UNIT-12545,LINE-A,828.35,155.18,29.88,13.38,1.31,84.96,15.63,0.61,rust
UNIT-13323,LINE-A,825.11,152.36,59.79,19.48,5.53,50.47,16.2,0.51,scratch
UNIT-11061,LINE-A,877.94,183.4,47.99,32.29,1.32,39.79,14.57,2.71,hole
UNIT-13347,LINE-A,854.71,143.71,72.93,23.02,6.0,40.39,16.92,0.35,scratch
UNIT-13357,LINE-A,842.01,142.67,75.6,24.01,4.94,54.67,16.05,0.44,scratch
UNIT-12566,LINE-B,844.76,149.31,34.0,15.04,1.52,66.75,15.12,0.42,rust
UNIT-11070,LINE-A,869.46,197.58,49.76,36.05,1.5,40.9,15.69,2.62,hole
UNIT-12525,LINE-A,839.58,151.72,33.64,13.05,1.49,76.67,18.28,0.25,rust
UNIT-12206,LINE-A,846.35,149.04,38.55,11.2,1.94,83.64,18.71,0.54,rust
UNIT-11244,LINE-B,904.61,185.05,48.74,32.34,0.92,46.55,17.22,2.9,hole
UNIT-10017,LINE-C,920.16,179.69,50.58,30.38,1.92,44.21,29.9,2.23,crack
UNIT-13121,LINE-B,850.8,145.28,61.58,12.3,4.37,48.54,15.81,0.71,scratch
UNIT-13476,LINE-A,853.94,155.83,60.26,22.16,4.96,40.7,15.86,0.52,scratch
UNIT-10547,LINE-B,881.44,183.71,45.36,29.17,1.87,37.04,25.45,2.44,crack
UNIT-10659,LINE-B,883.47,184.29,48.28,30.98,1.98,40.83,32.03,1.86,crack
UNIT-13155,LINE-A,846.08,152.08,70.58,14.39,5.35,39.04,17.5,0.64,scratch
UNIT-13068,LINE-B,842.3,154.9,59.75,22.72,4.56,48.71,16.11,0.74,scratch
UNIT-13193,LINE-B,845.4,150.93,66.67,18.41,4.99,43.87,17.69,0.62,scratch
UNIT-11505,LINE-A,831.92,142.95,45.76,29.12,0.81,42.55,16.8,0.69,normal
UNIT-10960,LINE-C,865.98,198.25,45.83,33.42,1.68,42.86,17.59,2.24,hole
UNIT-12927,LINE-A,835.8,140.35,70.63,19.74,4.2,44.16,17.97,0.88,scratch
UNIT-12332,LINE-B,837.89,155.62,28.35,7.7,1.82,82.15,14.45,0.36,rust
UNIT-10798,LINE-A,875.57,182.72,52.76,32.48,1.58,45.68,14.49,2.67,hole
UNIT-10226,LINE-B,931.88,170.06,51.56,34.66,1.72,48.36,33.89,2.44,crack
UNIT-12075,LINE-A,841.96,149.94,50.1,30.24,1.71,36.65,19.7,0.76,normal
UNIT-11800,LINE-A,845.36,149.84,54.77,33.39,1.79,43.8,18.31,0.45,normal
UNIT-12486,LINE-B,835.98,140.64,26.18,11.88,1.34,72.53,18.71,0.27,rust
UNIT-13455,LINE-A,833.0,149.04,66.05,15.63,4.04,46.99,17.19,0.57,scratch
UNIT-12278,LINE-A,835.4,153.36,30.33,12.44,1.78,66.86,16.47,0.25,rust
UNIT-12086,LINE-A,836.95,149.64,52.52,33.38,1.62,42.96,14.34,0.69,normal
UNIT-11694,LINE-A,849.3,169.71,46.99,32.85,1.43,52.19,14.97,0.59,normal
UNIT-12798,LINE-B,833.45,144.98,39.4,14.75,1.6,63.41,17.5,0.89,rust
UNIT-11046,LINE-B,872.24,198.8,51.6,30.69,1.94,48.64,20.1,2.31,hole
UNIT-10470,LINE-A,887.05,167.48,52.81,28.51,1.72,42.89,25.84,1.46,crack
UNIT-10955,LINE-B,882.71,190.78,48.69,30.88,1.37,41.08,19.46,2.54,hole
UNIT-13472,LINE-A,835.14,150.8,57.73,15.72,3.83,40.39,16.45,0.64,scratch
UNIT-12736,LINE-C,840.79,154.22,39.39,11.24,1.33,72.9,16.39,0.52,rust
UNIT-13363,LINE-A,834.85,157.85,62.16,13.2,5.4,39.39,13.89,0.56,scratch
UNIT-10640,LINE-A,904.15,183.35,52.75,32.98,1.12,45.58,28.8,1.91,crack
UNIT-13246,LINE-C,850.17,155.31,63.73,15.3,4.03,46.76,16.84,0.63,scratch
UNIT-11219,LINE-B,897.3,190.02,51.43,32.91,1.62,51.43,19.2,2.89,hole
UNIT-11159,LINE-B,865.33,204.74,47.98,31.52,2.13,55.61,19.53,2.64,hole
UNIT-11416,LINE-A,834.11,139.38,50.77,32.3,1.76,41.31,15.83,0.56,normal
UNIT-13166,LINE-B,835.14,153.09,59.29,20.79,4.61,39.02,16.89,0.47,scratch
UNIT-11528,LINE-A,845.23,143.25,52.16,31.78,2.52,35.29,19.05,0.44,normal
UNIT-13408,LINE-B,835.1,145.62,65.81,21.11,5.87,44.43,16.85,0.61,scratch
UNIT-11301,LINE-B,891.9,182.48,52.29,29.72,1.74,36.12,18.29,2.2,hole
UNIT-13344,LINE-B,841.05,151.27,58.0,17.49,5.27,43.45,14.42,0.37,scratch
UNIT-12849,LINE-A,834.65,147.6,61.73,10.57,6.26,39.93,13.93,0.4,scratch
UNIT-11604,LINE-A,838.67,148.15,50.45,31.86,2.01,45.7,17.69,0.67,normal
UNIT-10161,LINE-B,888.69,160.25,49.49,36.67,1.69,47.6,31.89,1.84,crack
UNIT-11705,LINE-A,843.68,149.17,51.3,32.01,1.59,40.48,17.26,0.41,normal
UNIT-10957,LINE-A,860.27,193.61,50.21,33.01,1.01,42.1,16.52,2.94,hole
UNIT-12870,LINE-A,846.48,150.9,67.91,18.84,5.55,37.76,14.73,0.28,scratch
UNIT-13401,LINE-C,835.77,152.9,63.28,20.22,5.59,38.7,16.98,0.57,scratch
UNIT-10878,LINE-B,850.59,183.57,48.89,33.08,1.87,47.24,14.46,1.72,hole
UNIT-11920,LINE-A,849.8,145.05,47.13,33.04,1.2,42.84,18.16,0.71,normal
UNIT-12962,LINE-A,836.25,145.15,64.67,17.09,6.12,45.3,17.02,0.49,scratch
UNIT-11885,LINE-B,844.66,143.31,50.69,33.73,1.72,43.8,19.12,0.39,normal
UNIT-12201,LINE-A,837.38,147.76,26.69,15.81,1.69,78.14,16.75,0.34,rust
UNIT-10099,LINE-A,918.37,171.0,48.49,28.83,1.56,43.36,30.64,1.86,crack
UNIT-13299,LINE-B,833.32,152.31,70.02,18.34,6.51,40.1,16.21,0.57,scratch
UNIT-12558,LINE-C,848.58,156.45,31.49,12.5,2.09,71.23,15.89,0.53,rust
UNIT-10254,LINE-A,873.1,182.48,50.48,32.9,1.45,44.14,27.83,1.68,crack
UNIT-10104,LINE-B,880.35,168.66,48.55,29.97,1.41,39.1,33.05,1.63,crack
UNIT-11446,LINE-A,841.82,144.55,54.03,33.79,2.01,41.89,17.62,0.53,normal
UNIT-11444,LINE-C,846.61,142.82,46.39,31.03,2.03,44.28,17.43,0.54,normal
UNIT-11649,LINE-C,835.28,147.08,50.33,31.5,1.87,42.89,16.54,0.26,normal
UNIT-10587,LINE-A,874.47,175.8,54.85,33.71,1.8,43.06,34.83,1.09,crack
UNIT-10628,LINE-C,875.81,165.43,49.16,30.75,1.97,45.84,27.24,1.66,crack
UNIT-11697,LINE-A,829.49,146.01,46.05,34.3,1.3,41.38,15.06,0.44,normal
UNIT-12102,LINE-A,847.96,146.18,35.79,12.69,2.34,67.84,18.23,0.49,rust
UNIT-12200,LINE-B,833.89,143.19,33.82,12.45,1.38,64.25,16.7,0.43,rust
UNIT-10404,LINE-B,902.01,157.96,51.65,30.39,1.69,43.01,36.04,1.18,crack
UNIT-11155,LINE-C,886.28,196.6,48.42,29.39,1.61,39.28,17.12,2.72,hole
UNIT-12256,LINE-A,845.15,145.17,37.43,21.57,1.44,76.37,15.8,0.34,rust
UNIT-12864,LINE-B,847.94,144.69,60.84,23.27,5.27,45.51,15.93,0.19,scratch
UNIT-11683,LINE-B,839.59,151.77,49.83,30.51,1.58,43.54,14.45,0.62,normal
UNIT-13171,LINE-A,824.09,139.19,58.25,21.64,3.86,43.15,16.97,0.56,scratch
UNIT-12057,LINE-C,844.91,147.19,50.76,31.04,1.85,38.94,15.48,0.7,normal
UNIT-13063,LINE-B,841.43,148.45,68.68,21.4,4.52,43.07,18.48,0.69,scratch
UNIT-13319,LINE-B,837.44,146.71,56.45,12.95,3.9,39.51,15.24,0.57,scratch
UNIT-13109,LINE-C,841.34,146.59,60.46,18.07,6.59,48.1,16.27,0.72,scratch
UNIT-10453,LINE-A,908.85,176.68,55.44,29.75,1.93,38.09,26.4,2.21,crack
UNIT-12302,LINE-B,850.01,149.87,38.35,20.34,1.84,72.89,16.63,0.52,rust
UNIT-11328,LINE-B,864.84,192.45,49.48,31.01,1.63,43.98,19.48,1.89,hole
UNIT-12945,LINE-A,837.9,158.56,66.63,13.31,3.86,47.65,20.39,0.48,scratch
UNIT-12050,LINE-B,837.72,155.5,45.44,29.5,1.55,45.41,14.96,0.48,normal
UNIT-10881,LINE-A,874.64,182.75,52.38,32.93,1.3,36.38,16.79,2.37,hole
UNIT-13404,LINE-A,838.07,157.9,65.0,17.29,5.75,42.51,16.34,0.56,scratch
UNIT-10624,LINE-B,921.87,182.96,45.55,35.01,1.83,42.06,28.74,1.41,crack
UNIT-12394,LINE-B,845.27,163.46,41.15,19.44,1.57,85.62,17.37,0.8,rust
UNIT-13237,LINE-A,835.49,153.07,67.41,18.12,6.35,43.79,18.68,0.48,scratch
UNIT-11788,LINE-C,834.38,157.51,46.31,32.38,1.56,42.63,17.53,0.53,normal
UNIT-10263,LINE-A,905.75,179.34,48.31,34.01,1.63,41.98,28.27,1.41,crack
UNIT-11635,LINE-B,857.94,148.86,48.78,31.47,1.32,39.33,17.06,0.52,normal
UNIT-11439,LINE-C,834.89,140.71,45.55,31.52,2.01,37.31,19.77,0.66,normal
UNIT-12199,LINE-A,833.91,146.51,38.59,18.43,1.82,76.53,17.83,0.05,rust
UNIT-11970,LINE-B,838.52,153.39,53.99,30.91,1.3,39.03,19.39,0.34,normal
UNIT-12521,LINE-A,850.31,160.54,40.03,16.25,1.29,66.67,18.37,0.55,rust
UNIT-11803,LINE-A,842.73,146.99,51.39,33.57,2.12,38.74,16.79,0.71,normal
UNIT-10641,LINE-B,889.46,173.2,49.16,29.76,1.78,44.43,30.1,1.36,crack
UNIT-13485,LINE-B,847.62,146.71,67.99,17.89,3.77,43.72,17.71,0.52,scratch
UNIT-12386,LINE-A,851.2,145.61,36.06,14.69,1.76,73.61,14.25,0.3,rust
UNIT-12599,LINE-B,836.58,156.7,40.27,15.09,1.65,75.83,18.4,0.63,rust
UNIT-13302,LINE-B,851.99,142.43,61.06,20.61,5.8,41.94,19.07,0.55,scratch
UNIT-11960,LINE-A,847.13,141.2,47.32,28.75,1.66,44.74,19.87,0.64,normal
UNIT-12977,LINE-B,845.2,155.72,58.24,21.49,5.7,38.68,15.17,0.46,scratch
UNIT-10489,LINE-B,887.3,177.41,54.65,30.11,1.07,45.16,26.13,1.89,crack
UNIT-11844,LINE-B,841.24,153.84,51.78,33.58,1.34,39.61,16.42,0.5,normal
UNIT-11735,LINE-A,830.91,149.02,49.79,31.71,1.75,46.07,16.9,0.55,normal
UNIT-12912,LINE-C,831.59,147.19,72.13,18.49,3.94,41.98,15.09,0.71,scratch
UNIT-13220,LINE-A,832.16,150.89,63.84,19.46,6.33,41.37,18.33,0.4,scratch
UNIT-10147,LINE-A,912.22,177.08,51.63,37.38,1.06,41.25,36.14,1.78,crack
UNIT-11535,LINE-B,828.55,150.53,47.19,31.41,1.03,45.42,14.69,0.49,normal
UNIT-11987,LINE-A,839.75,147.92,48.73,32.87,1.74,47.96,17.29,0.19,normal
UNIT-11370,LINE-A,863.65,179.22,51.57,32.52,1.6,45.91,15.96,2.53,hole
UNIT-12451,LINE-B,837.26,154.92,39.1,16.91,1.3,84.53,17.45,0.71,rust
UNIT-13424,LINE-A,834.09,153.48,71.07,18.07,4.49,42.21,18.54,0.46,scratch
UNIT-13003,LINE-A,837.73,148.27,64.73,14.53,5.6,43.25,17.22,0.52,scratch
UNIT-12812,LINE-C,831.31,149.84,67.02,17.48,4.32,40.55,16.95,0.46,scratch
UNIT-10660,LINE-B,926.86,182.24,48.52,32.65,1.43,45.6,31.32,1.83,crack
UNIT-11795,LINE-C,844.53,147.27,46.41,29.45,1.71,44.44,17.58,0.73,normal
UNIT-12512,LINE-A,833.48,149.25,34.43,17.02,2.04,72.71,15.03,0.49,rust
UNIT-10187,LINE-B,885.2,160.61,53.45,29.51,1.39,41.61,23.07,2.15,crack
UNIT-11148,LINE-B,884.78,178.13,49.84,30.3,1.65,45.22,18.06,2.8,hole
UNIT-10609,LINE-B,916.27,178.54,51.09,32.8,1.67,42.33,34.58,1.85,crack
UNIT-12192,LINE-B,833.94,151.39,36.09,10.67,2.22,79.87,17.85,0.64,rust
UNIT-12800,LINE-A,827.59,148.72,39.25,19.83,1.64,84.14,19.65,0.46,rust
UNIT-11931,LINE-B,844.56,153.11,50.08,26.68,1.68,45.49,18.69,0.39,normal
UNIT-13030,LINE-B,843.89,144.75,67.52,10.55,4.71,48.44,18.28,0.77,scratch
UNIT-10198,LINE-A,913.68,167.08,45.56,32.82,1.29,38.59,26.76,2.21,crack
UNIT-12932,LINE-B,836.19,154.1,56.4,13.29,5.21,48.69,18.41,0.54,scratch
UNIT-12328,LINE-A,846.29,146.43,29.99,16.12,1.3,77.44,16.27,0.61,rust
UNIT-10294,LINE-A,898.49,168.55,50.11,32.1,1.45,38.51,33.48,1.97,crack
UNIT-10767,LINE-A,880.55,199.96,52.4,35.21,1.93,44.79,16.8,2.26,hole
UNIT-10401,LINE-B,905.29,174.82,41.81,30.36,1.96,43.86,29.41,1.56,crack
UNIT-10123,LINE-B,929.49,162.99,50.65,29.2,1.82,49.79,29.77,1.85,crack
UNIT-10203,LINE-C,890.94,185.54,54.16,33.45,1.34,50.78,29.57,1.54,crack
UNIT-10836,LINE-A,889.75,191.39,50.3,30.7,1.58,44.19,17.36,1.6,hole
UNIT-12295,LINE-A,834.42,167.53,37.6,16.2,1.19,66.81,15.29,0.37,rust
UNIT-11440,LINE-A,847.61,142.15,49.02,30.84,1.82,39.08,16.85,0.4,normal
UNIT-11734,LINE-B,846.27,153.56,51.35,32.35,1.77,47.47,15.91,0.54,normal
UNIT-11696,LINE-B,846.48,147.16,52.74,32.67,1.54,41.64,18.23,0.69,normal
UNIT-13415,LINE-C,836.41,153.07,65.0,17.47,4.91,42.42,17.78,0.57,scratch
UNIT-11708,LINE-C,832.96,146.0,53.83,34.87,1.64,41.94,19.05,0.4,normal
UNIT-13399,LINE-A,824.19,153.85,71.31,18.71,4.34,44.9,18.51,0.55,scratch
UNIT-11154,LINE-B,891.69,192.59,50.21,33.19,1.89,46.51,18.45,2.64,hole
UNIT-11662,LINE-A,845.24,148.02,49.96,29.66,1.64,45.93,16.2,0.75,normal
UNIT-12433,LINE-C,844.24,162.71,35.93,12.51,1.38,86.89,14.27,0.48,rust
UNIT-11760,LINE-B,847.6,148.27,49.85,31.09,2.34,45.01,16.2,0.25,normal
UNIT-10855,LINE-C,892.85,184.85,49.84,31.52,1.51,40.8,16.35,1.92,hole
UNIT-11590,LINE-B,840.67,154.25,45.34,32.06,1.89,41.43,15.16,0.47,normal
UNIT-12268,LINE-C,848.39,147.22,36.13,12.23,2.07,66.0,17.36,0.44,rust
UNIT-10642,LINE-C,884.68,183.76,47.51,29.88,1.93,42.46,33.37,1.83,crack
UNIT-10002,LINE-A,903.11,159.24,53.66,31.55,1.62,38.3,25.89,2.26,crack
UNIT-12161,LINE-A,837.64,145.42,35.82,8.8,0.93,80.15,14.67,0.55,rust
UNIT-10699,LINE-A,904.02,185.33,51.87,31.77,2.13,48.89,33.34,2.39,crack
UNIT-13425,LINE-A,828.36,146.69,55.27,15.23,5.57,48.34,15.91,0.46,scratch
UNIT-13000,LINE-A,835.97,149.29,66.01,18.17,5.3,46.61,15.07,0.46,scratch
UNIT-11637,LINE-B,831.33,148.63,48.09,32.78,1.75,42.07,18.78,0.72,normal
UNIT-13185,LINE-C,845.23,157.81,58.14,18.91,4.29,45.8,16.53,0.27,scratch
UNIT-11292,LINE-C,880.4,185.81,50.55,33.41,1.42,43.72,16.45,1.73,hole
UNIT-13332,LINE-B,843.53,154.07,62.05,16.94,6.02,47.79,15.59,0.27,scratch
UNIT-12490,LINE-B,852.72,151.13,32.93,21.14,1.76,72.35,18.16,0.36,rust
UNIT-11521,LINE-C,844.89,158.58,49.73,31.21,2.01,45.21,17.81,0.49,normal
UNIT-11854,LINE-B,831.3,151.07,48.08,30.95,1.68,42.69,20.47,0.49,normal
UNIT-11137,LINE-B,894.53,188.12,51.43,31.64,1.47,46.85,16.73,2.41,hole
UNIT-13383,LINE-A,852.59,147.47,72.68,21.9,5.68,39.38,18.1,0.4,scratch
UNIT-11632,LINE-A,835.81,151.68,48.2,30.77,1.92,44.59,15.95,0.5,normal
UNIT-11999,LINE-A,831.38,151.34,48.92,31.82,1.93,42.58,18.66,0.44,normal
UNIT-10664,LINE-A,936.58,175.35,46.86,34.58,1.5,46.4,25.05,1.79,crack
UNIT-10684,LINE-B,888.44,165.05,51.17,30.91,1.45,37.92,32.05,1.89,crack
UNIT-11258,LINE-A,879.94,202.12,47.24,31.75,1.26,39.34,16.01,2.74,hole
UNIT-10318,LINE-C,884.99,181.56,47.39,29.66,1.74,41.8,26.18,1.2,crack
UNIT-10649,LINE-A,923.76,169.06,50.26,28.54,1.83,44.52,31.27,1.53,crack
UNIT-11435,LINE-B,833.96,151.86,49.59,32.91,1.66,51.31,17.81,0.44,normal
UNIT-11480,LINE-A,835.59,150.26,53.33,31.7,1.57,51.11,18.31,0.59,normal
UNIT-10710,LINE-A,895.69,186.9,46.03,34.59,1.79,41.27,14.69,1.9,hole
UNIT-11283,LINE-B,892.76,195.19,46.65,35.53,1.6,47.3,15.56,2.74,hole
UNIT-11769,LINE-A,838.82,151.14,46.79,30.18,2.09,41.37,16.7,0.54,normal
UNIT-10973,LINE-A,895.81,170.01,55.18,32.87,1.58,41.13,16.72,3.17,hole
UNIT-12676,LINE-A,837.6,146.44,38.02,13.8,1.44,83.08,18.4,0.55,rust
UNIT-12681,LINE-A,837.61,147.81,39.9,17.35,1.68,63.64,16.89,0.37,rust
UNIT-11307,LINE-B,870.56,185.03,45.54,33.68,1.74,46.48,18.32,1.97,hole
UNIT-11401,LINE-C,829.73,158.29,49.09,30.66,1.59,45.5,16.75,0.05,normal
UNIT-11409,LINE-A,847.09,151.47,47.68,28.59,1.66,45.34,19.26,0.13,normal
UNIT-13297,LINE-A,846.48,149.29,72.6,22.22,4.92,40.26,13.94,0.72,scratch
UNIT-12238,LINE-C,832.31,146.45,30.44,14.91,1.67,84.15,17.19,0.64,rust
UNIT-11497,LINE-C,839.87,151.41,50.12,32.96,1.0,42.08,15.22,0.6,normal
UNIT-12039,LINE-A,830.96,144.13,48.68,30.31,1.59,42.43,17.77,0.56,normal
UNIT-11530,LINE-B,838.3,146.45,50.09,30.54,1.29,45.92,17.94,0.47,normal
UNIT-11664,LINE-B,834.97,149.01,53.34,29.77,2.24,41.02,15.23,0.52,normal
UNIT-11355,LINE-A,878.13,195.97,50.91,33.02,1.51,43.23,18.45,2.78,hole
UNIT-13411,LINE-B,832.23,154.58,63.6,16.63,4.69,38.86,14.82,0.86,scratch
UNIT-13434,LINE-B,843.18,152.76,66.7,14.69,5.65,41.67,17.46,0.45,scratch
UNIT-11644,LINE-A,848.74,153.0,52.75,29.27,1.48,40.3,19.58,0.6,normal
UNIT-11052,LINE-B,879.95,192.0,50.82,35.94,1.53,42.2,18.77,2.52,hole
UNIT-10796,LINE-A,879.39,184.76,51.3,30.77,1.71,43.33,18.66,1.82,hole
UNIT-12694,LINE-B,845.49,146.88,37.12,9.14,1.85,72.42,17.43,0.62,rust
UNIT-13061,LINE-C,837.58,155.34,69.13,17.07,6.39,40.58,18.05,0.64,scratch
UNIT-11598,LINE-A,829.53,154.92,48.04,33.57,1.26,48.13,17.48,0.38,normal
UNIT-12605,LINE-B,848.88,156.05,38.07,18.14,1.33,83.14,17.02,0.24,rust
UNIT-12730,LINE-A,835.49,154.41,29.99,12.5,1.56,80.48,16.24,0.23,rust
UNIT-12626,LINE-A,842.58,150.38,37.39,20.08,1.75,71.16,16.3,0.66,rust
UNIT-11820,LINE-A,831.48,153.3,48.14,29.93,1.81,45.31,18.44,0.58,normal
UNIT-13158,LINE-C,819.65,148.23,61.51,12.95,4.63,41.02,14.08,0.58,scratch
UNIT-13315,LINE-B,836.62,163.95,60.05,14.54,6.56,43.49,19.76,0.26,scratch
UNIT-11723,LINE-B,838.28,144.32,49.33,35.25,1.45,41.28,16.07,0.47,normal
UNIT-11184,LINE-B,893.25,199.84,52.42,36.24,1.67,42.3,19.49,2.88,hole
UNIT-12573,LINE-A,847.89,145.49,35.58,16.48,1.23,80.46,17.66,0.59,rust
UNIT-11060,LINE-A,868.38,197.27,50.34,30.87,1.35,49.73,18.75,1.93,hole
UNIT-10541,LINE-C,926.3,179.37,52.39,29.21,1.31,40.87,29.54,2.06,crack
UNIT-13243,LINE-A,837.28,155.26,57.3,17.17,4.73,45.95,18.37,0.51,scratch
UNIT-11679,LINE-A,824.66,142.6,47.85,33.23,1.44,47.93,19.25,0.45,normal
UNIT-12797,LINE-C,830.09,143.18,31.47,20.74,1.64,77.02,16.49,0.57,rust
UNIT-13372,LINE-A,839.75,148.27,71.45,12.99,5.04,43.91,16.81,0.35,scratch
UNIT-12533,LINE-A,840.03,140.59,37.36,11.86,2.11,79.78,18.67,0.33,rust
UNIT-11758,LINE-A,834.14,147.22,51.01,29.72,1.22,44.99,16.96,0.53,normal
UNIT-11924,LINE-B,821.3,152.41,50.42,30.54,1.72,47.14,15.58,0.45,normal
UNIT-10096,LINE-A,923.73,168.36,47.52,27.69,1.41,38.71,32.1,2.29,crack
UNIT-11021,LINE-C,884.8,208.09,51.29,30.96,1.84,41.42,14.89,2.55,hole
UNIT-10564,LINE-B,884.2,183.37,52.62,31.84,2.12,47.44,30.99,1.71,crack
UNIT-13313,LINE-A,862.58,152.24,67.5,13.28,5.9,49.98,17.5,0.63,scratch
UNIT-12791,LINE-A,843.14,142.98,24.83,12.39,1.55,82.98,17.87,0.39,rust
UNIT-10864,LINE-C,865.07,195.78,50.87,34.1,1.41,37.27,16.55,1.82,hole
UNIT-11485,LINE-B,841.15,147.08,54.98,33.39,1.72,46.6,16.94,0.69,normal
UNIT-12940,LINE-A,834.75,145.7,67.76,18.92,5.04,50.59,18.68,0.42,scratch
UNIT-11882,LINE-C,832.93,150.29,53.27,31.7,1.29,37.65,15.84,0.44,normal
UNIT-11039,LINE-B,874.81,170.06,48.53,30.22,1.69,44.88,16.59,2.04,hole
UNIT-10207,LINE-A,903.95,173.8,45.71,32.57,1.84,42.92,32.96,2.04,crack
UNIT-10393,LINE-B,882.32,178.64,52.24,34.26,1.4,41.02,24.22,2.02,crack
UNIT-12843,LINE-C,831.75,146.37,62.13,22.39,6.26,43.83,15.98,0.7,scratch
UNIT-10871,LINE-A,899.81,198.33,52.08,32.24,1.32,50.72,16.63,2.98,hole
UNIT-10398,LINE-A,911.46,175.84,50.0,32.83,2.08,42.86,26.1,1.96,crack
UNIT-12815,LINE-A,839.17,149.85,73.13,14.93,4.41,43.83,18.71,0.63,scratch
UNIT-13361,LINE-A,843.22,150.99,69.35,15.06,5.79,40.5,15.32,0.53,scratch
UNIT-13290,LINE-A,844.23,150.52,65.63,22.15,4.98,45.18,18.02,0.7,scratch
UNIT-11029,LINE-A,893.71,188.07,49.72,31.98,1.23,42.45,19.24,1.91,hole
UNIT-12691,LINE-C,845.47,150.84,34.79,10.74,1.71,65.37,14.0,0.53,rust
UNIT-11486,LINE-C,832.91,141.9,51.28,32.49,1.41,48.1,16.37,0.48,normal
UNIT-12661,LINE-B,836.55,159.73,33.57,16.41,2.06,67.08,16.86,0.7,rust
UNIT-10961,LINE-A,887.02,192.15,51.97,32.1,1.39,43.56,17.22,1.97,hole
UNIT-11571,LINE-A,830.77,143.75,49.37,35.79,2.36,45.95,16.64,0.52,normal
UNIT-12774,LINE-B,842.43,146.42,36.18,17.48,1.08,70.26,15.26,0.72,rust
UNIT-11896,LINE-A,832.63,154.69,46.19,32.85,1.58,48.97,18.76,0.59,normal
UNIT-12732,LINE-A,837.67,150.39,31.4,10.49,1.42,79.56,16.84,0.33,rust
UNIT-12147,LINE-C,859.75,151.16,38.59,20.09,1.54,67.01,15.22,0.57,rust
UNIT-10805,LINE-A,891.42,193.67,49.87,30.38,1.78,46.45,15.93,2.66,hole
UNIT-11752,LINE-A,849.81,151.04,54.37,29.3,1.64,44.72,17.93,0.38,normal
UNIT-12455,LINE-A,851.05,154.88,41.32,16.71,1.72,60.05,17.3,0.79,rust
UNIT-10503,LINE-B,918.75,163.11,50.77,29.53,1.51,46.56,26.83,1.56,crack
UNIT-13120,LINE-C,828.1,141.17,66.06,21.3,4.95,43.83,16.14,0.42,scratch
UNIT-13105,LINE-C,834.73,148.77,62.06,15.19,5.63,40.55,21.03,0.54,scratch
UNIT-12978,LINE-A,839.16,143.35,63.37,18.14,4.71,47.8,16.87,0.61,scratch
UNIT-10780,LINE-A,878.24,182.27,52.17,34.93,2.0,47.64,15.48,1.92,hole
UNIT-11864,LINE-A,834.7,149.21,49.21,35.14,1.3,48.72,17.18,0.68,normal
UNIT-10201,LINE-A,877.22,180.71,45.63,31.74,1.88,38.86,25.89,1.52,crack
UNIT-12183,LINE-A,830.37,145.57,26.79,17.24,0.91,78.8,19.71,0.76,rust
UNIT-13100,LINE-A,850.2,157.77,67.29,18.09,6.54,42.72,16.58,0.56,scratch
UNIT-12089,LINE-A,837.61,149.7,46.72,35.76,1.67,46.64,14.75,0.4,normal
UNIT-13066,LINE-C,841.87,153.3,67.51,18.24,4.01,43.85,15.14,0.61,scratch
UNIT-12279,LINE-A,834.5,153.76,33.03,19.88,1.53,85.08,15.63,0.24,rust
UNIT-11797,LINE-B,839.94,142.66,50.58,33.6,1.53,44.92,17.32,0.63,normal
UNIT-10379,LINE-A,925.0,168.55,47.14,33.08,2.0,38.96,34.25,1.21,crack
UNIT-12337,LINE-C,843.65,144.25,35.05,13.21,1.43,78.67,16.27,0.66,rust
UNIT-10419,LINE-A,897.81,176.64,47.68,30.08,1.64,45.12,33.97,1.9,crack
UNIT-11699,LINE-B,824.63,147.32,49.79,30.4,1.89,44.84,16.09,0.42,normal
UNIT-10392,LINE-C,887.14,188.86,47.86,32.07,1.8,37.47,32.9,1.75,crack
UNIT-12641,LINE-A,842.08,147.06,33.63,19.61,1.82,70.53,16.42,0.64,rust
UNIT-11523,LINE-B,853.55,154.28,50.47,35.67,1.49,39.62,19.4,0.59,normal
UNIT-11163,LINE-A,890.31,174.09,52.05,33.58,2.02,41.5,18.25,2.04,hole
UNIT-13135,LINE-A,839.35,142.11,58.29,11.25,5.53,40.96,13.76,0.36,scratch
UNIT-11496,LINE-A,844.22,146.81,50.37,26.94,1.81,45.0,16.93,0.5,normal
UNIT-12696,LINE-A,828.97,154.33,32.92,14.95,1.75,78.72,17.27,0.6,rust
UNIT-12028,LINE-A,837.55,144.06,47.05,28.32,1.46,42.46,18.18,0.5,normal
UNIT-11153,LINE-B,886.08,182.87,46.8,32.21,1.58,49.69,15.32,2.27,hole
UNIT-11368,LINE-B,881.25,193.12,49.91,28.88,1.19,47.0,16.73,1.82,hole
UNIT-12569,LINE-C,851.76,158.57,43.25,10.98,1.63,75.2,16.02,0.44,rust
UNIT-10065,LINE-B,907.91,182.82,45.59,34.29,1.2,43.1,34.66,1.95,crack
UNIT-12063,LINE-A,832.05,155.92,50.31,29.92,1.79,41.87,20.81,0.59,normal
UNIT-11181,LINE-A,900.23,199.4,51.86,32.14,2.41,40.2,14.63,2.19,hole
UNIT-13113,LINE-B,841.12,159.61,73.63,16.33,5.22,44.07,17.13,0.52,scratch
UNIT-10493,LINE-B,936.22,166.75,50.24,29.97,1.1,42.21,32.55,1.41,crack
UNIT-10380,LINE-B,926.85,182.34,51.25,30.24,1.82,41.45,29.15,1.57,crack
UNIT-12236,LINE-B,838.33,160.12,33.54,10.45,1.48,79.31,16.84,0.48,rust
UNIT-10764,LINE-A,892.44,182.27,52.67,32.59,2.03,41.2,14.87,2.84,hole
UNIT-12265,LINE-A,840.07,156.7,35.76,17.54,1.48,73.42,18.24,0.65,rust
UNIT-10792,LINE-A,892.14,177.03,51.33,30.86,1.35,43.3,15.66,2.01,hole
UNIT-11077,LINE-A,888.63,195.18,51.63,32.43,1.67,39.4,18.15,2.63,hole
UNIT-10879,LINE-A,882.93,190.15,48.9,33.16,1.41,43.2,19.55,3.29,hole
UNIT-10338,LINE-A,907.91,168.42,48.8,33.39,1.44,43.65,31.58,1.01,crack
UNIT-12768,LINE-C,836.66,143.31,34.84,18.66,2.22,82.15,13.6,0.64,rust
UNIT-12344,LINE-C,821.11,144.47,37.38,17.95,1.51,74.59,16.92,0.43,rust
UNIT-11017,LINE-A,887.05,198.46,49.52,31.25,1.36,40.72,18.74,1.9,hole
UNIT-11276,LINE-C,904.86,186.47,45.59,32.56,1.63,48.12,17.85,2.9,hole
UNIT-10456,LINE-B,898.89,165.3,49.56,33.31,1.89,43.92,25.84,1.61,crack
UNIT-13343,LINE-C,839.8,149.74,65.84,18.25,5.65,36.88,14.11,0.45,scratch
UNIT-10816,LINE-A,868.1,184.92,51.9,33.53,1.46,43.07,16.95,2.95,hole
UNIT-12318,LINE-A,840.51,147.58,32.79,17.88,0.86,91.38,17.7,0.32,rust
UNIT-10996,LINE-A,898.81,183.81,50.88,29.33,0.87,39.93,16.77,3.07,hole
UNIT-11982,LINE-A,841.82,144.77,53.19,31.11,1.91,44.46,19.45,0.34,normal
UNIT-10202,LINE-A,909.03,183.66,46.75,33.66,1.84,39.41,28.94,2.37,crack
UNIT-10162,LINE-B,895.82,186.22,52.71,32.2,1.69,42.43,34.17,1.23,crack
UNIT-11580,LINE-A,847.1,149.2,46.54,31.58,1.57,39.07,17.55,0.54,normal
UNIT-12778,LINE-C,819.43,147.72,36.88,18.04,1.5,61.35,16.93,0.6,rust
UNIT-12450,LINE-C,825.85,151.15,34.77,11.61,2.39,83.74,16.02,0.57,rust
UNIT-10703,LINE-A,889.61,190.61,48.84,29.87,1.85,37.97,18.49,2.04,hole
UNIT-11501,LINE-A,839.85,149.7,55.22,34.67,2.15,45.38,19.68,0.37,normal
UNIT-11130,LINE-C,890.28,205.61,50.23,33.84,1.86,46.14,17.47,2.31,hole
UNIT-12614,LINE-A,836.04,155.08,32.74,15.94,1.87,79.05,18.63,0.42,rust
UNIT-11022,LINE-B,890.56,183.31,53.47,34.33,1.68,48.84,20.28,1.86,hole
UNIT-13074,LINE-B,834.05,162.09,69.83,15.32,4.6,39.57,18.17,0.54,scratch
UNIT-11586,LINE-C,842.71,150.97,50.14,33.33,0.93,50.18,13.69,0.34,normal
UNIT-11956,LINE-B,844.08,152.39,48.82,32.44,1.97,45.31,15.13,0.43,normal
UNIT-13153,LINE-B,827.07,146.27,71.59,20.02,5.46,34.32,16.52,0.66,scratch
UNIT-12254,LINE-B,840.78,143.16,39.99,19.4,1.84,79.14,19.71,0.42,rust
UNIT-10035,LINE-B,882.36,185.16,50.42,34.31,1.91,44.66,31.02,1.9,crack
UNIT-10776,LINE-A,893.2,205.99,48.61,31.07,1.6,37.59,15.96,2.12,hole
UNIT-12557,LINE-B,849.59,154.49,34.95,14.82,1.91,85.19,16.38,0.61,rust
UNIT-11479,LINE-B,828.65,149.58,50.46,30.12,1.65,41.04,16.33,0.69,normal
UNIT-13004,LINE-C,829.32,159.54,72.23,13.25,5.15,45.16,15.84,0.67,scratch
UNIT-11391,LINE-A,866.49,185.61,49.78,30.74,1.71,49.17,15.1,2.87,hole
UNIT-12140,LINE-A,856.69,146.07,33.44,14.96,1.17,74.09,17.61,0.41,rust
UNIT-11364,LINE-B,883.68,179.72,45.61,35.45,1.77,44.51,16.8,2.47,hole
UNIT-12946,LINE-A,840.5,149.22,72.87,16.24,4.38,41.41,18.17,0.37,scratch
UNIT-12613,LINE-A,845.71,145.96,32.76,18.63,1.47,87.01,15.52,0.32,rust
UNIT-13418,LINE-A,828.18,155.81,62.14,12.75,4.26,42.82,17.77,0.74,scratch
UNIT-12825,LINE-A,848.63,145.48,69.89,16.73,5.21,44.66,17.65,0.51,scratch
UNIT-12042,LINE-C,843.11,153.31,48.04,32.77,2.0,40.17,17.67,0.38,normal
UNIT-10242,LINE-C,903.47,155.01,48.48,32.92,0.78,42.0,25.92,1.55,crack
UNIT-12062,LINE-B,838.76,141.99,51.2,28.97,1.32,48.87,18.77,0.56,normal
UNIT-12364,LINE-A,838.14,148.01,33.17,14.84,2.28,66.1,17.69,0.53,rust
UNIT-10601,LINE-C,886.47,182.06,44.27,32.61,1.85,46.81,29.56,1.64,crack
UNIT-12436,LINE-A,831.28,153.26,36.86,16.87,1.6,82.09,15.7,0.7,rust
UNIT-11298,LINE-A,881.29,188.73,48.51,32.66,1.33,39.83,16.51,2.5,hole
UNIT-12215,LINE-B,841.4,148.02,39.45,11.62,1.49,69.47,16.82,0.69,rust
UNIT-12889,LINE-A,834.65,159.07,64.8,14.41,5.28,35.56,16.34,0.79,scratch
UNIT-12069,LINE-B,845.74,142.18,49.71,31.97,1.52,44.83,13.84,0.52,normal
UNIT-10647,LINE-A,907.1,174.97,51.44,29.54,1.76,41.36,31.41,1.67,crack
UNIT-13203,LINE-A,833.8,153.26,64.85,11.7,4.76,46.21,17.39,0.48,scratch
UNIT-11529,LINE-A,845.27,147.9,53.95,35.34,2.05,47.05,16.58,0.53,normal
UNIT-12880,LINE-A,843.41,145.5,62.48,12.38,5.65,39.36,17.84,0.54,scratch
UNIT-11268,LINE-A,896.27,180.6,46.07,29.71,1.99,43.38,17.45,2.3,hole
UNIT-11900,LINE-A,849.97,154.6,48.58,31.43,1.69,46.78,16.24,0.53,normal
UNIT-10563,LINE-B,902.48,164.08,53.04,27.21,1.59,42.43,35.12,1.93,crack
UNIT-13458,LINE-C,853.22,156.87,64.24,18.59,4.34,42.52,19.38,0.82,scratch
UNIT-12735,LINE-B,845.78,140.76,36.91,16.07,1.89,87.91,17.46,0.57,rust
UNIT-13006,LINE-A,838.76,147.21,63.12,13.01,5.29,44.35,16.98,0.67,scratch
UNIT-10190,LINE-A,904.76,169.58,53.09,29.86,1.8,48.77,22.71,2.07,crack
UNIT-11807,LINE-B,829.52,157.6,48.42,32.39,1.69,40.85,15.82,0.67,normal
UNIT-10976,LINE-A,891.62,193.11,52.25,30.46,1.72,46.04,17.37,2.55,hole
UNIT-12748,LINE-B,845.39,158.27,29.83,19.26,1.54,83.75,15.26,0.43,rust
UNIT-12048,LINE-B,837.11,147.96,49.2,30.68,1.68,44.12,16.24,0.69,normal
UNIT-12559,LINE-B,831.75,149.87,27.93,8.29,1.42,90.3,20.02,0.44,rust
UNIT-11083,LINE-C,911.6,181.94,43.41,30.22,1.75,44.64,16.82,2.71,hole
UNIT-10475,LINE-C,890.35,178.93,49.73,28.76,1.52,47.49,34.33,1.39,crack
UNIT-12905,LINE-A,850.72,147.99,61.45,24.2,5.23,40.9,17.54,0.44,scratch
UNIT-10748,LINE-B,894.12,195.59,48.29,31.08,1.64,40.59,15.4,2.62,hole
UNIT-12301,LINE-C,838.06,145.87,33.67,16.17,1.68,79.07,16.21,0.68,rust
UNIT-10022,LINE-B,903.48,181.58,47.68,31.88,0.63,39.9,30.78,0.97,crack
UNIT-13386,LINE-B,825.1,154.44,73.72,11.79,6.46,46.0,17.51,0.8,scratch
UNIT-10460,LINE-A,913.77,183.81,49.54,31.96,1.46,48.4,37.5,1.65,crack
UNIT-11185,LINE-C,874.5,195.46,49.75,30.05,1.6,51.03,15.78,2.08,hole
UNIT-12325,LINE-A,843.48,146.22,33.68,13.3,1.26,77.31,16.5,0.3,rust
UNIT-10956,LINE-A,870.05,182.06,50.55,32.07,1.54,47.74,14.83,1.74,hole
UNIT-11216,LINE-B,871.65,188.35,51.15,33.54,2.12,45.36,19.02,2.69,hole
UNIT-12434,LINE-A,832.13,148.81,29.05,16.9,1.39,73.35,17.2,0.56,rust
UNIT-12854,LINE-A,823.32,155.14,62.21,23.75,4.33,42.66,17.66,0.5,scratch
UNIT-11516,LINE-A,842.05,152.92,49.68,30.48,1.8,38.75,19.19,0.47,normal
UNIT-12392,LINE-A,841.68,149.06,36.21,12.65,1.77,59.83,15.56,0.58,rust
UNIT-10770,LINE-B,885.54,192.59,49.28,33.41,1.81,42.45,17.11,2.2,hole
UNIT-13381,LINE-C,830.0,157.02,62.04,13.4,4.13,37.9,16.78,0.24,scratch
UNIT-11686,LINE-A,838.2,144.71,49.41,31.18,1.9,42.52,16.59,0.71,normal
UNIT-10131,LINE-A,911.02,170.29,50.89,31.56,1.35,40.31,25.2,1.38,crack
UNIT-12920,LINE-A,828.04,149.01,64.06,17.34,6.6,42.76,18.27,0.69,scratch
UNIT-13172,LINE-A,845.17,140.23,67.75,13.07,3.92,48.64,15.97,0.44,scratch
UNIT-13445,LINE-B,854.37,147.0,60.19,11.05,6.5,46.68,13.93,0.49,scratch
UNIT-12136,LINE-A,841.75,154.34,32.11,16.55,1.75,73.99,15.83,0.44,rust
UNIT-11483,LINE-B,838.94,142.6,49.48,32.46,1.41,53.4,19.74,0.24,normal
UNIT-10331,LINE-A,892.43,167.75,52.52,30.9,1.11,50.02,35.44,2.02,crack
UNIT-11239,LINE-A,880.95,201.19,48.87,31.14,1.53,48.12,17.09,2.65,hole
UNIT-10467,LINE-C,931.71,175.65,45.4,25.76,1.66,42.95,35.03,1.87,crack
UNIT-12170,LINE-A,841.6,152.78,37.21,10.42,1.3,75.11,13.97,0.27,rust
UNIT-11639,LINE-A,847.12,150.82,51.68,33.32,1.47,39.92,15.88,0.34,normal
UNIT-13093,LINE-C,845.19,156.18,60.28,12.41,5.22,42.42,17.49,0.45,scratch
UNIT-11096,LINE-A,906.49,199.71,50.61,32.33,1.39,41.54,18.98,2.65,hole
UNIT-11131,LINE-B,885.11,193.91,51.52,32.56,1.96,36.76,17.05,1.86,hole
UNIT-11295,LINE-C,880.91,181.99,48.69,27.9,1.32,38.63,17.02,2.75,hole
UNIT-10861,LINE-C,894.36,201.67,51.37,33.2,1.64,47.88,13.34,1.77,hole
UNIT-13175,LINE-C,840.64,153.03,61.85,15.85,5.57,42.63,15.71,0.63,scratch
